beta,estimator,trial,sign_error
0.0,x_pf,0,0.56
0.0,x_pf,1,0.33
0.0,x_pf,2,0.27
0.0,x_pf,3,0.54
0.0,x_pf,4,0.46
0.0,x_pf,5,0.3
0.0,x_pf,6,0.76
0.0,x_pf,7,0.54
0.0,x_pf,8,0.5
0.0,x_pf,9,0.41
0.0,x_pf,10,0.72
0.0,x_pf,11,0.65
0.0,x_pf,12,0.7
0.0,x_pf,13,0.46
0.0,x_pf,14,0.79
0.0,x_pf,15,0.44
0.0,x_pf,16,0.7
0.0,x_pf,17,0.58
0.0,x_pf,18,0.39
0.0,x_pf,19,0.41
0.0,x_pf,20,0.49
0.0,x_pf,21,0.45
0.0,x_pf,22,0.59
0.0,x_pf,23,0.3
0.0,x_pf,24,0.35
0.0,x_pf,25,0.53
0.0,x_pf,26,0.39
0.0,x_pf,27,0.69
0.0,x_pf,28,0.64
0.0,x_pf,29,0.62
0.0,x_pf,30,0.55
0.0,x_pf,31,0.47
0.0,x_pf,32,0.2
0.0,x_pf,33,0.57
0.0,x_pf,34,0.64
0.0,x_pf,35,0.53
0.0,x_pf,36,0.48
0.0,x_pf,37,0.61
0.0,x_pf,38,0.65
0.0,x_pf,39,0.55
0.0,x_pf,40,0.61
0.0,x_pf,41,0.47
0.0,x_pf,42,0.41
0.0,x_pf,43,0.57
0.0,x_pf,44,0.38
0.0,x_pf,45,0.33
0.0,x_pf,46,0.34
0.0,x_pf,47,0.24
0.0,x_pf,48,0.48
0.0,x_pf,49,0.56
0.0,x_pf,50,0.3
0.0,x_pf,51,0.64
0.0,x_pf,52,0.53
0.0,x_pf,53,0.41
0.0,x_pf,54,0.55
0.0,x_pf,55,0.71
0.0,x_pf,56,0.35
0.0,x_pf,57,0.53
0.0,x_pf,58,0.61
0.0,x_pf,59,0.64
0.0,x_pf,60,0.38
0.0,x_pf,61,0.3
0.0,x_pf,62,0.47
0.0,x_pf,63,0.46
0.0,x_pf,64,0.36
0.0,x_pf,65,0.54
0.0,x_pf,66,0.4
0.0,x_pf,67,0.43
0.0,x_pf,68,0.74
0.0,x_pf,69,0.44
0.0,x_pf,70,0.43
0.0,x_pf,71,0.44
0.0,x_pf,72,0.9
0.0,x_pf,73,0.29
0.0,x_pf,74,0.31
0.0,x_pf,75,0.28
0.0,x_pf,76,0.2
0.0,x_pf,77,0.47
0.0,x_pf,78,0.49
0.0,x_pf,79,0.44
0.0,x_pf,80,0.37
0.0,x_pf,81,0.17
0.0,x_pf,82,0.56
0.0,x_pf,83,0.48
0.0,x_pf,84,0.54
0.0,x_pf,85,0.58
0.0,x_pf,86,0.47
0.0,x_pf,87,0.23
0.0,x_pf,88,0.68
0.0,x_pf,89,0.5
0.0,x_pf,90,0.53
0.0,x_pf,91,0.51
0.0,x_pf,92,0.38
0.0,x_pf,93,0.5
0.0,x_pf,94,0.09
0.0,x_pf,95,0.56
0.0,x_pf,96,0.39
0.0,x_pf,97,0.49
0.0,x_pf,98,0.52
0.0,x_pf,99,0.36
0.0,oracle_x,0,0.5
0.0,oracle_x,1,0.53
0.0,oracle_x,2,0.54
0.0,oracle_x,3,0.54
0.0,oracle_x,4,0.43
0.0,oracle_x,5,0.5
0.0,oracle_x,6,0.51
0.0,oracle_x,7,0.52
0.0,oracle_x,8,0.45
0.0,oracle_x,9,0.48
0.0,oracle_x,10,0.46
0.0,oracle_x,11,0.46
0.0,oracle_x,12,0.46
0.0,oracle_x,13,0.49
0.0,oracle_x,14,0.48
0.0,oracle_x,15,0.47
0.0,oracle_x,16,0.6
0.0,oracle_x,17,0.49
0.0,oracle_x,18,0.42
0.0,oracle_x,19,0.51
0.0,oracle_x,20,0.37
0.0,oracle_x,21,0.49
0.0,oracle_x,22,0.49
0.0,oracle_x,23,0.42
0.0,oracle_x,24,0.56
0.0,oracle_x,25,0.49
0.0,oracle_x,26,0.55
0.0,oracle_x,27,0.55
0.0,oracle_x,28,0.38
0.0,oracle_x,29,0.53
0.0,oracle_x,30,0.5
0.0,oracle_x,31,0.46
0.0,oracle_x,32,0.54
0.0,oracle_x,33,0.51
0.0,oracle_x,34,0.47
0.0,oracle_x,35,0.53
0.0,oracle_x,36,0.5
0.0,oracle_x,37,0.48
0.0,oracle_x,38,0.53
0.0,oracle_x,39,0.52
0.0,oracle_x,40,0.49
0.0,oracle_x,41,0.46
0.0,oracle_x,42,0.46
0.0,oracle_x,43,0.51
0.0,oracle_x,44,0.48
0.0,oracle_x,45,0.49
0.0,oracle_x,46,0.53
0.0,oracle_x,47,0.57
0.0,oracle_x,48,0.5
0.0,oracle_x,49,0.48
0.0,oracle_x,50,0.44
0.0,oracle_x,51,0.44
0.0,oracle_x,52,0.59
0.0,oracle_x,53,0.54
0.0,oracle_x,54,0.52
0.0,oracle_x,55,0.52
0.0,oracle_x,56,0.52
0.0,oracle_x,57,0.47
0.0,oracle_x,58,0.43
0.0,oracle_x,59,0.43
0.0,oracle_x,60,0.54
0.0,oracle_x,61,0.51
0.0,oracle_x,62,0.42
0.0,oracle_x,63,0.51
0.0,oracle_x,64,0.47
0.0,oracle_x,65,0.51
0.0,oracle_x,66,0.44
0.0,oracle_x,67,0.57
0.0,oracle_x,68,0.45
0.0,oracle_x,69,0.49
0.0,oracle_x,70,0.53
0.0,oracle_x,71,0.44
0.0,oracle_x,72,0.58
0.0,oracle_x,73,0.57
0.0,oracle_x,74,0.5
0.0,oracle_x,75,0.46
0.0,oracle_x,76,0.5
0.0,oracle_x,77,0.46
0.0,oracle_x,78,0.5
0.0,oracle_x,79,0.53
0.0,oracle_x,80,0.46
0.0,oracle_x,81,0.53
0.0,oracle_x,82,0.48
0.0,oracle_x,83,0.55
0.0,oracle_x,84,0.56
0.0,oracle_x,85,0.4
0.0,oracle_x,86,0.4
0.0,oracle_x,87,0.56
0.0,oracle_x,88,0.49
0.0,oracle_x,89,0.46
0.0,oracle_x,90,0.46
0.0,oracle_x,91,0.54
0.0,oracle_x,92,0.46
0.0,oracle_x,93,0.42
0.0,oracle_x,94,0.6
0.0,oracle_x,95,0.49
0.0,oracle_x,96,0.51
0.0,oracle_x,97,0.46
0.0,oracle_x,98,0.49
0.0,oracle_x,99,0.59
0.0,xy_snapshot,0,0.26
0.0,xy_snapshot,1,0.34
0.0,xy_snapshot,2,0.2
0.0,xy_snapshot,3,0.22
0.0,xy_snapshot,4,0.13
0.0,xy_snapshot,5,0.19
0.0,xy_snapshot,6,0.19
0.0,xy_snapshot,7,0.24
0.0,xy_snapshot,8,0.22
0.0,xy_snapshot,9,0.29
0.0,xy_snapshot,10,0.21
0.0,xy_snapshot,11,0.21
0.0,xy_snapshot,12,0.23
0.0,xy_snapshot,13,0.15
0.0,xy_snapshot,14,0.23
0.0,xy_snapshot,15,0.11
0.0,xy_snapshot,16,0.13
0.0,xy_snapshot,17,0.23
0.0,xy_snapshot,18,0.22
0.0,xy_snapshot,19,0.13
0.0,xy_snapshot,20,0.29
0.0,xy_snapshot,21,0.24
0.0,xy_snapshot,22,0.25
0.0,xy_snapshot,23,0.31
0.0,xy_snapshot,24,0.15
0.0,xy_snapshot,25,0.26
0.0,xy_snapshot,26,0.27
0.0,xy_snapshot,27,0.12
0.0,xy_snapshot,28,0.38
0.0,xy_snapshot,29,0.25
0.0,xy_snapshot,30,0.2
0.0,xy_snapshot,31,0.22
0.0,xy_snapshot,32,0.24
0.0,xy_snapshot,33,0.12
0.0,xy_snapshot,34,0.26
0.0,xy_snapshot,35,0.15
0.0,xy_snapshot,36,0.22
0.0,xy_snapshot,37,0.23
0.0,xy_snapshot,38,0.23
0.0,xy_snapshot,39,0.19
0.0,xy_snapshot,40,0.29
0.0,xy_snapshot,41,0.19
0.0,xy_snapshot,42,0.25
0.0,xy_snapshot,43,0.29
0.0,xy_snapshot,44,0.26
0.0,xy_snapshot,45,0.28
0.0,xy_snapshot,46,0.29
0.0,xy_snapshot,47,0.24
0.0,xy_snapshot,48,0.18
0.0,xy_snapshot,49,0.22
0.0,xy_snapshot,50,0.11
0.0,xy_snapshot,51,0.29
0.0,xy_snapshot,52,0.28
0.0,xy_snapshot,53,0.24
0.0,xy_snapshot,54,0.2
0.0,xy_snapshot,55,0.33
0.0,xy_snapshot,56,0.23
0.0,xy_snapshot,57,0.18
0.0,xy_snapshot,58,0.25
0.0,xy_snapshot,59,0.18
0.0,xy_snapshot,60,0.09
0.0,xy_snapshot,61,0.23
0.0,xy_snapshot,62,0.27
0.0,xy_snapshot,63,0.27
0.0,xy_snapshot,64,0.15
0.0,xy_snapshot,65,0.23
0.0,xy_snapshot,66,0.28
0.0,xy_snapshot,67,0.24
0.0,xy_snapshot,68,0.13
0.0,xy_snapshot,69,0.24
0.0,xy_snapshot,70,0.18
0.0,xy_snapshot,71,0.14
0.0,xy_snapshot,72,0.15
0.0,xy_snapshot,73,0.26
0.0,xy_snapshot,74,0.22
0.0,xy_snapshot,75,0.13
0.0,xy_snapshot,76,0.33
0.0,xy_snapshot,77,0.11
0.0,xy_snapshot,78,0.19
0.0,xy_snapshot,79,0.11
0.0,xy_snapshot,80,0.21
0.0,xy_snapshot,81,0.25
0.0,xy_snapshot,82,0.3
0.0,xy_snapshot,83,0.21
0.0,xy_snapshot,84,0.26
0.0,xy_snapshot,85,0.38
0.0,xy_snapshot,86,0.12
0.0,xy_snapshot,87,0.15
0.0,xy_snapshot,88,0.15
0.0,xy_snapshot,89,0.32
0.0,xy_snapshot,90,0.12
0.0,xy_snapshot,91,0.21
0.0,xy_snapshot,92,0.19
0.0,xy_snapshot,93,0.22
0.0,xy_snapshot,94,0.23
0.0,xy_snapshot,95,0.33
0.0,xy_snapshot,96,0.16
0.0,xy_snapshot,97,0.27
0.0,xy_snapshot,98,0.16
0.0,xy_snapshot,99,0.26
0.0,xy_pf,0,0.11
0.0,xy_pf,1,0.13
0.0,xy_pf,2,0.15
0.0,xy_pf,3,0.15
0.0,xy_pf,4,0.26
0.0,xy_pf,5,0.15
0.0,xy_pf,6,0.06
0.0,xy_pf,7,0.07
0.0,xy_pf,8,0.22
0.0,xy_pf,9,0.11
0.0,xy_pf,10,0.15
0.0,xy_pf,11,0.11
0.0,xy_pf,12,0.16
0.0,xy_pf,13,0.14
0.0,xy_pf,14,0.12
0.0,xy_pf,15,0.06
0.0,xy_pf,16,0.17
0.0,xy_pf,17,0.04
0.0,xy_pf,18,0.16
0.0,xy_pf,19,0.11
0.0,xy_pf,20,0.27
0.0,xy_pf,21,0.08
0.0,xy_pf,22,0.1
0.0,xy_pf,23,0.18
0.0,xy_pf,24,0.14
0.0,xy_pf,25,0.09
0.0,xy_pf,26,0.05
0.0,xy_pf,27,0.06
0.0,xy_pf,28,0.1
0.0,xy_pf,29,0.11
0.0,xy_pf,30,0.09
0.0,xy_pf,31,0.17
0.0,xy_pf,32,0.11
0.0,xy_pf,33,0.14
0.0,xy_pf,34,0.16
0.0,xy_pf,35,0.12
0.0,xy_pf,36,0.14
0.0,xy_pf,37,0.14
0.0,xy_pf,38,0.17
0.0,xy_pf,39,0.09
0.0,xy_pf,40,0.07
0.0,xy_pf,41,0.2
0.0,xy_pf,42,0.21
0.0,xy_pf,43,0.22
0.0,xy_pf,44,0.16
0.0,xy_pf,45,0.14
0.0,xy_pf,46,0.31
0.0,xy_pf,47,0.07
0.0,xy_pf,48,0.21
0.0,xy_pf,49,0.21
0.0,xy_pf,50,0.21
0.0,xy_pf,51,0.09
0.0,xy_pf,52,0.23
0.0,xy_pf,53,0.18
0.0,xy_pf,54,0.11
0.0,xy_pf,55,0.16
0.0,xy_pf,56,0.13
0.0,xy_pf,57,0.22
0.0,xy_pf,58,0.23
0.0,xy_pf,59,0.06
0.0,xy_pf,60,0.24
0.0,xy_pf,61,0.2
0.0,xy_pf,62,0.11
0.0,xy_pf,63,0.05
0.0,xy_pf,64,0.18
0.0,xy_pf,65,0.12
0.0,xy_pf,66,0.08
0.0,xy_pf,67,0.09
0.0,xy_pf,68,0.14
0.0,xy_pf,69,0.05
0.0,xy_pf,70,0.09
0.0,xy_pf,71,0.04
0.0,xy_pf,72,0.09
0.0,xy_pf,73,0.13
0.0,xy_pf,74,0.03
0.0,xy_pf,75,0.19
0.0,xy_pf,76,0.24
0.0,xy_pf,77,0.19
0.0,xy_pf,78,0.23
0.0,xy_pf,79,0.11
0.0,xy_pf,80,0.18
0.0,xy_pf,81,0.06
0.0,xy_pf,82,0.19
0.0,xy_pf,83,0.18
0.0,xy_pf,84,0.2
0.0,xy_pf,85,0.15
0.0,xy_pf,86,0.09
0.0,xy_pf,87,0.26
0.0,xy_pf,88,0.08
0.0,xy_pf,89,0.15
0.0,xy_pf,90,0.15
0.0,xy_pf,91,0.28
0.0,xy_pf,92,0.11
0.0,xy_pf,93,0.15
0.0,xy_pf,94,0.15
0.0,xy_pf,95,0.1
0.0,xy_pf,96,0.19
0.0,xy_pf,97,0.12
0.0,xy_pf,98,0.33
0.0,xy_pf,99,0.12
0.05,x_pf,0,0.22
0.05,x_pf,1,0.31
0.05,x_pf,2,0.47
0.05,x_pf,3,0.49
0.05,x_pf,4,0.53
0.05,x_pf,5,0.63
0.05,x_pf,6,0.42
0.05,x_pf,7,0.49
0.05,x_pf,8,0.55
0.05,x_pf,9,0.46
0.05,x_pf,10,0.26
0.05,x_pf,11,0.33
0.05,x_pf,12,0.54
0.05,x_pf,13,0.43
0.05,x_pf,14,0.56
0.05,x_pf,15,0.22
0.05,x_pf,16,0.44
0.05,x_pf,17,0.04
0.05,x_pf,18,0.55
0.05,x_pf,19,0.32
0.05,x_pf,20,0.33
0.05,x_pf,21,0.39
0.05,x_pf,22,0.6
0.05,x_pf,23,0.39
0.05,x_pf,24,0.48
0.05,x_pf,25,0.41
0.05,x_pf,26,0.46
0.05,x_pf,27,0.47
0.05,x_pf,28,0.33
0.05,x_pf,29,0.28
0.05,x_pf,30,0.63
0.05,x_pf,31,0.53
0.05,x_pf,32,0.79
0.05,x_pf,33,0.55
0.05,x_pf,34,0.36
0.05,x_pf,35,0.14
0.05,x_pf,36,0.67
0.05,x_pf,37,0.33
0.05,x_pf,38,0.57
0.05,x_pf,39,0.54
0.05,x_pf,40,0.33
0.05,x_pf,41,0.38
0.05,x_pf,42,0.55
0.05,x_pf,43,0.41
0.05,x_pf,44,0.66
0.05,x_pf,45,0.57
0.05,x_pf,46,0.4
0.05,x_pf,47,0.29
0.05,x_pf,48,0.57
0.05,x_pf,49,0.29
0.05,x_pf,50,0.88
0.05,x_pf,51,0.45
0.05,x_pf,52,0.48
0.05,x_pf,53,0.51
0.05,x_pf,54,0.1
0.05,x_pf,55,0.23
0.05,x_pf,56,0.48
0.05,x_pf,57,0.29
0.05,x_pf,58,0.37
0.05,x_pf,59,0.51
0.05,x_pf,60,0.51
0.05,x_pf,61,0.28
0.05,x_pf,62,0.38
0.05,x_pf,63,0.52
0.05,x_pf,64,0.77
0.05,x_pf,65,0.85
0.05,x_pf,66,0.27
0.05,x_pf,67,0.23
0.05,x_pf,68,0.43
0.05,x_pf,69,0.51
0.05,x_pf,70,0.44
0.05,x_pf,71,0.43
0.05,x_pf,72,0.59
0.05,x_pf,73,0.43
0.05,x_pf,74,0.48
0.05,x_pf,75,0.38
0.05,x_pf,76,0.46
0.05,x_pf,77,0.52
0.05,x_pf,78,0.3
0.05,x_pf,79,0.16
0.05,x_pf,80,0.65
0.05,x_pf,81,0.55
0.05,x_pf,82,0.61
0.05,x_pf,83,0.35
0.05,x_pf,84,0.32
0.05,x_pf,85,0.51
0.05,x_pf,86,0.51
0.05,x_pf,87,0.5
0.05,x_pf,88,0.21
0.05,x_pf,89,0.44
0.05,x_pf,90,0.69
0.05,x_pf,91,0.14
0.05,x_pf,92,0.39
0.05,x_pf,93,0.27
0.05,x_pf,94,0.49
0.05,x_pf,95,0.59
0.05,x_pf,96,0.6
0.05,x_pf,97,0.44
0.05,x_pf,98,0.37
0.05,x_pf,99,0.36
0.05,oracle_x,0,0.41
0.05,oracle_x,1,0.52
0.05,oracle_x,2,0.24
0.05,oracle_x,3,0.34
0.05,oracle_x,4,0.57
0.05,oracle_x,5,0.92
0.05,oracle_x,6,0.28
0.05,oracle_x,7,0.53
0.05,oracle_x,8,0.36
0.05,oracle_x,9,0.34
0.05,oracle_x,10,0.39
0.05,oracle_x,11,0.46
0.05,oracle_x,12,0.49
0.05,oracle_x,13,0.53
0.05,oracle_x,14,0.16
0.05,oracle_x,15,0.23
0.05,oracle_x,16,0.34
0.05,oracle_x,17,0.37
0.05,oracle_x,18,0.7
0.05,oracle_x,19,0.35
0.05,oracle_x,20,0.55
0.05,oracle_x,21,0.47
0.05,oracle_x,22,0.26
0.05,oracle_x,23,0.44
0.05,oracle_x,24,0.8
0.05,oracle_x,25,0.72
0.05,oracle_x,26,0.15
0.05,oracle_x,27,0.54
0.05,oracle_x,28,0.32
0.05,oracle_x,29,0.66
0.05,oracle_x,30,0.81
0.05,oracle_x,31,0.73
0.05,oracle_x,32,0.64
0.05,oracle_x,33,0.38
0.05,oracle_x,34,0.66
0.05,oracle_x,35,0.69
0.05,oracle_x,36,0.23
0.05,oracle_x,37,0.04
0.05,oracle_x,38,0.82
0.05,oracle_x,39,0.23
0.05,oracle_x,40,0.43
0.05,oracle_x,41,0.54
0.05,oracle_x,42,0.16
0.05,oracle_x,43,0.8
0.05,oracle_x,44,0.69
0.05,oracle_x,45,0.55
0.05,oracle_x,46,0.99
0.05,oracle_x,47,0.63
0.05,oracle_x,48,0.19
0.05,oracle_x,49,0.72
0.05,oracle_x,50,0.45
0.05,oracle_x,51,0.65
0.05,oracle_x,52,0.77
0.05,oracle_x,53,0.54
0.05,oracle_x,54,0.77
0.05,oracle_x,55,0.16
0.05,oracle_x,56,0.18
0.05,oracle_x,57,0.69
0.05,oracle_x,58,0.81
0.05,oracle_x,59,0.22
0.05,oracle_x,60,0.92
0.05,oracle_x,61,0.22
0.05,oracle_x,62,0.47
0.05,oracle_x,63,1.0
0.05,oracle_x,64,0.43
0.05,oracle_x,65,0.73
0.05,oracle_x,66,0.93
0.05,oracle_x,67,0.34
0.05,oracle_x,68,0.43
0.05,oracle_x,69,0.67
0.05,oracle_x,70,0.64
0.05,oracle_x,71,0.2
0.05,oracle_x,72,0.41
0.05,oracle_x,73,0.43
0.05,oracle_x,74,0.26
0.05,oracle_x,75,0.9
0.05,oracle_x,76,0.41
0.05,oracle_x,77,0.09
0.05,oracle_x,78,0.7
0.05,oracle_x,79,0.35
0.05,oracle_x,80,0.65
0.05,oracle_x,81,0.58
0.05,oracle_x,82,0.0
0.05,oracle_x,83,0.0
0.05,oracle_x,84,0.93
0.05,oracle_x,85,0.03
0.05,oracle_x,86,0.79
0.05,oracle_x,87,0.38
0.05,oracle_x,88,0.45
0.05,oracle_x,89,0.8
0.05,oracle_x,90,0.28
0.05,oracle_x,91,0.32
0.05,oracle_x,92,0.13
0.05,oracle_x,93,0.15
0.05,oracle_x,94,0.64
0.05,oracle_x,95,0.49
0.05,oracle_x,96,0.55
0.05,oracle_x,97,0.9
0.05,oracle_x,98,0.67
0.05,oracle_x,99,0.03
0.05,xy_snapshot,0,0.17
0.05,xy_snapshot,1,0.24
0.05,xy_snapshot,2,0.24
0.05,xy_snapshot,3,0.31
0.05,xy_snapshot,4,0.24
0.05,xy_snapshot,5,0.24
0.05,xy_snapshot,6,0.29
0.05,xy_snapshot,7,0.21
0.05,xy_snapshot,8,0.18
0.05,xy_snapshot,9,0.2
0.05,xy_snapshot,10,0.19
0.05,xy_snapshot,11,0.27
0.05,xy_snapshot,12,0.16
0.05,xy_snapshot,13,0.29
0.05,xy_snapshot,14,0.34
0.05,xy_snapshot,15,0.17
0.05,xy_snapshot,16,0.22
0.05,xy_snapshot,17,0.1
0.05,xy_snapshot,18,0.08
0.05,xy_snapshot,19,0.23
0.05,xy_snapshot,20,0.23
0.05,xy_snapshot,21,0.23
0.05,xy_snapshot,22,0.16
0.05,xy_snapshot,23,0.23
0.05,xy_snapshot,24,0.24
0.05,xy_snapshot,25,0.14
0.05,xy_snapshot,26,0.24
0.05,xy_snapshot,27,0.3
0.05,xy_snapshot,28,0.32
0.05,xy_snapshot,29,0.14
0.05,xy_snapshot,30,0.22
0.05,xy_snapshot,31,0.08
0.05,xy_snapshot,32,0.25
0.05,xy_snapshot,33,0.2
0.05,xy_snapshot,34,0.29
0.05,xy_snapshot,35,0.14
0.05,xy_snapshot,36,0.17
0.05,xy_snapshot,37,0.29
0.05,xy_snapshot,38,0.25
0.05,xy_snapshot,39,0.21
0.05,xy_snapshot,40,0.34
0.05,xy_snapshot,41,0.18
0.05,xy_snapshot,42,0.2
0.05,xy_snapshot,43,0.14
0.05,xy_snapshot,44,0.23
0.05,xy_snapshot,45,0.24
0.05,xy_snapshot,46,0.27
0.05,xy_snapshot,47,0.18
0.05,xy_snapshot,48,0.18
0.05,xy_snapshot,49,0.1
0.05,xy_snapshot,50,0.27
0.05,xy_snapshot,51,0.09
0.05,xy_snapshot,52,0.27
0.05,xy_snapshot,53,0.28
0.05,xy_snapshot,54,0.13
0.05,xy_snapshot,55,0.25
0.05,xy_snapshot,56,0.19
0.05,xy_snapshot,57,0.13
0.05,xy_snapshot,58,0.25
0.05,xy_snapshot,59,0.21
0.05,xy_snapshot,60,0.16
0.05,xy_snapshot,61,0.19
0.05,xy_snapshot,62,0.25
0.05,xy_snapshot,63,0.2
0.05,xy_snapshot,64,0.29
0.05,xy_snapshot,65,0.19
0.05,xy_snapshot,66,0.28
0.05,xy_snapshot,67,0.15
0.05,xy_snapshot,68,0.28
0.05,xy_snapshot,69,0.3
0.05,xy_snapshot,70,0.26
0.05,xy_snapshot,71,0.28
0.05,xy_snapshot,72,0.21
0.05,xy_snapshot,73,0.24
0.05,xy_snapshot,74,0.14
0.05,xy_snapshot,75,0.22
0.05,xy_snapshot,76,0.27
0.05,xy_snapshot,77,0.24
0.05,xy_snapshot,78,0.24
0.05,xy_snapshot,79,0.26
0.05,xy_snapshot,80,0.26
0.05,xy_snapshot,81,0.29
0.05,xy_snapshot,82,0.2
0.05,xy_snapshot,83,0.19
0.05,xy_snapshot,84,0.25
0.05,xy_snapshot,85,0.25
0.05,xy_snapshot,86,0.28
0.05,xy_snapshot,87,0.18
0.05,xy_snapshot,88,0.23
0.05,xy_snapshot,89,0.16
0.05,xy_snapshot,90,0.24
0.05,xy_snapshot,91,0.28
0.05,xy_snapshot,92,0.13
0.05,xy_snapshot,93,0.19
0.05,xy_snapshot,94,0.28
0.05,xy_snapshot,95,0.16
0.05,xy_snapshot,96,0.34
0.05,xy_snapshot,97,0.3
0.05,xy_snapshot,98,0.25
0.05,xy_snapshot,99,0.27
0.05,xy_pf,0,0.22
0.05,xy_pf,1,0.1
0.05,xy_pf,2,0.17
0.05,xy_pf,3,0.21
0.05,xy_pf,4,0.06
0.05,xy_pf,5,0.12
0.05,xy_pf,6,0.12
0.05,xy_pf,7,0.13
0.05,xy_pf,8,0.19
0.05,xy_pf,9,0.0
0.05,xy_pf,10,0.05
0.05,xy_pf,11,0.14
0.05,xy_pf,12,0.09
0.05,xy_pf,13,0.24
0.05,xy_pf,14,0.07
0.05,xy_pf,15,0.11
0.05,xy_pf,16,0.25
0.05,xy_pf,17,0.09
0.05,xy_pf,18,0.16
0.05,xy_pf,19,0.14
0.05,xy_pf,20,0.11
0.05,xy_pf,21,0.18
0.05,xy_pf,22,0.13
0.05,xy_pf,23,0.1
0.05,xy_pf,24,0.14
0.05,xy_pf,25,0.17
0.05,xy_pf,26,0.03
0.05,xy_pf,27,0.19
0.05,xy_pf,28,0.16
0.05,xy_pf,29,0.18
0.05,xy_pf,30,0.09
0.05,xy_pf,31,0.12
0.05,xy_pf,32,0.34
0.05,xy_pf,33,0.17
0.05,xy_pf,34,0.05
0.05,xy_pf,35,0.11
0.05,xy_pf,36,0.16
0.05,xy_pf,37,0.11
0.05,xy_pf,38,0.1
0.05,xy_pf,39,0.11
0.05,xy_pf,40,0.12
0.05,xy_pf,41,0.1
0.05,xy_pf,42,0.33
0.05,xy_pf,43,0.06
0.05,xy_pf,44,0.12
0.05,xy_pf,45,0.07
0.05,xy_pf,46,0.12
0.05,xy_pf,47,0.17
0.05,xy_pf,48,0.21
0.05,xy_pf,49,0.22
0.05,xy_pf,50,0.12
0.05,xy_pf,51,0.22
0.05,xy_pf,52,0.12
0.05,xy_pf,53,0.23
0.05,xy_pf,54,0.05
0.05,xy_pf,55,0.09
0.05,xy_pf,56,0.14
0.05,xy_pf,57,0.13
0.05,xy_pf,58,0.18
0.05,xy_pf,59,0.17
0.05,xy_pf,60,0.29
0.05,xy_pf,61,0.07
0.05,xy_pf,62,0.17
0.05,xy_pf,63,0.26
0.05,xy_pf,64,0.11
0.05,xy_pf,65,0.07
0.05,xy_pf,66,0.08
0.05,xy_pf,67,0.21
0.05,xy_pf,68,0.23
0.05,xy_pf,69,0.16
0.05,xy_pf,70,0.05
0.05,xy_pf,71,0.14
0.05,xy_pf,72,0.11
0.05,xy_pf,73,0.16
0.05,xy_pf,74,0.02
0.05,xy_pf,75,0.22
0.05,xy_pf,76,0.18
0.05,xy_pf,77,0.12
0.05,xy_pf,78,0.08
0.05,xy_pf,79,0.14
0.05,xy_pf,80,0.11
0.05,xy_pf,81,0.12
0.05,xy_pf,82,0.16
0.05,xy_pf,83,0.25
0.05,xy_pf,84,0.11
0.05,xy_pf,85,0.13
0.05,xy_pf,86,0.22
0.05,xy_pf,87,0.18
0.05,xy_pf,88,0.09
0.05,xy_pf,89,0.14
0.05,xy_pf,90,0.08
0.05,xy_pf,91,0.32
0.05,xy_pf,92,0.05
0.05,xy_pf,93,0.07
0.05,xy_pf,94,0.11
0.05,xy_pf,95,0.13
0.05,xy_pf,96,0.11
0.05,xy_pf,97,0.21
0.05,xy_pf,98,0.18
0.05,xy_pf,99,0.08
0.1,x_pf,0,0.77
0.1,x_pf,1,0.24
0.1,x_pf,2,0.27
0.1,x_pf,3,0.97
0.1,x_pf,4,0.51
0.1,x_pf,5,0.81
0.1,x_pf,6,0.48
0.1,x_pf,7,0.27
0.1,x_pf,8,0.55
0.1,x_pf,9,0.44
0.1,x_pf,10,0.24
0.1,x_pf,11,0.9
0.1,x_pf,12,0.17
0.1,x_pf,13,0.43
0.1,x_pf,14,0.66
0.1,x_pf,15,0.21
0.1,x_pf,16,0.5
0.1,x_pf,17,0.13
0.1,x_pf,18,0.39
0.1,x_pf,19,0.48
0.1,x_pf,20,0.53
0.1,x_pf,21,0.55
0.1,x_pf,22,0.74
0.1,x_pf,23,0.52
0.1,x_pf,24,0.42
0.1,x_pf,25,0.14
0.1,x_pf,26,0.48
0.1,x_pf,27,0.62
0.1,x_pf,28,0.53
0.1,x_pf,29,0.08
0.1,x_pf,30,0.5
0.1,x_pf,31,0.81
0.1,x_pf,32,0.17
0.1,x_pf,33,0.08
0.1,x_pf,34,0.41
0.1,x_pf,35,0.38
0.1,x_pf,36,0.16
0.1,x_pf,37,0.33
0.1,x_pf,38,0.47
0.1,x_pf,39,0.54
0.1,x_pf,40,0.33
0.1,x_pf,41,0.0
0.1,x_pf,42,0.46
0.1,x_pf,43,0.87
0.1,x_pf,44,0.7
0.1,x_pf,45,0.27
0.1,x_pf,46,0.38
0.1,x_pf,47,0.57
0.1,x_pf,48,0.73
0.1,x_pf,49,0.66
0.1,x_pf,50,0.22
0.1,x_pf,51,0.24
0.1,x_pf,52,0.57
0.1,x_pf,53,0.88
0.1,x_pf,54,0.45
0.1,x_pf,55,0.24
0.1,x_pf,56,0.4
0.1,x_pf,57,0.36
0.1,x_pf,58,0.52
0.1,x_pf,59,0.32
0.1,x_pf,60,0.54
0.1,x_pf,61,0.23
0.1,x_pf,62,0.26
0.1,x_pf,63,0.39
0.1,x_pf,64,0.85
0.1,x_pf,65,0.85
0.1,x_pf,66,0.61
0.1,x_pf,67,0.66
0.1,x_pf,68,0.34
0.1,x_pf,69,0.1
0.1,x_pf,70,0.41
0.1,x_pf,71,0.46
0.1,x_pf,72,0.4
0.1,x_pf,73,0.42
0.1,x_pf,74,0.31
0.1,x_pf,75,0.2
0.1,x_pf,76,0.33
0.1,x_pf,77,0.75
0.1,x_pf,78,0.63
0.1,x_pf,79,0.46
0.1,x_pf,80,0.32
0.1,x_pf,81,0.04
0.1,x_pf,82,0.77
0.1,x_pf,83,0.64
0.1,x_pf,84,0.42
0.1,x_pf,85,0.38
0.1,x_pf,86,0.2
0.1,x_pf,87,0.33
0.1,x_pf,88,0.65
0.1,x_pf,89,0.73
0.1,x_pf,90,0.41
0.1,x_pf,91,0.68
0.1,x_pf,92,0.4
0.1,x_pf,93,0.34
0.1,x_pf,94,0.28
0.1,x_pf,95,0.55
0.1,x_pf,96,0.25
0.1,x_pf,97,0.41
0.1,x_pf,98,0.45
0.1,x_pf,99,0.61
0.1,oracle_x,0,0.47
0.1,oracle_x,1,0.85
0.1,oracle_x,2,0.48
0.1,oracle_x,3,0.31
0.1,oracle_x,4,0.33
0.1,oracle_x,5,0.18
0.1,oracle_x,6,0.64
0.1,oracle_x,7,0.52
0.1,oracle_x,8,0.59
0.1,oracle_x,9,0.05
0.1,oracle_x,10,0.21
0.1,oracle_x,11,0.02
0.1,oracle_x,12,0.74
0.1,oracle_x,13,0.22
0.1,oracle_x,14,0.55
0.1,oracle_x,15,0.56
0.1,oracle_x,16,0.41
0.1,oracle_x,17,0.69
0.1,oracle_x,18,0.75
0.1,oracle_x,19,0.49
0.1,oracle_x,20,0.59
0.1,oracle_x,21,0.28
0.1,oracle_x,22,0.8
0.1,oracle_x,23,0.04
0.1,oracle_x,24,0.1
0.1,oracle_x,25,0.75
0.1,oracle_x,26,0.21
0.1,oracle_x,27,0.3
0.1,oracle_x,28,0.14
0.1,oracle_x,29,0.0
0.1,oracle_x,30,0.71
0.1,oracle_x,31,0.4
0.1,oracle_x,32,0.62
0.1,oracle_x,33,0.74
0.1,oracle_x,34,0.42
0.1,oracle_x,35,0.18
0.1,oracle_x,36,0.14
0.1,oracle_x,37,0.1
0.1,oracle_x,38,0.47
0.1,oracle_x,39,0.89
0.1,oracle_x,40,0.36
0.1,oracle_x,41,0.22
0.1,oracle_x,42,0.48
0.1,oracle_x,43,0.46
0.1,oracle_x,44,0.4
0.1,oracle_x,45,0.36
0.1,oracle_x,46,0.49
0.1,oracle_x,47,0.35
0.1,oracle_x,48,0.57
0.1,oracle_x,49,0.12
0.1,oracle_x,50,0.45
0.1,oracle_x,51,0.46
0.1,oracle_x,52,0.3
0.1,oracle_x,53,0.78
0.1,oracle_x,54,0.13
0.1,oracle_x,55,0.12
0.1,oracle_x,56,0.93
0.1,oracle_x,57,0.28
0.1,oracle_x,58,0.25
0.1,oracle_x,59,0.43
0.1,oracle_x,60,0.53
0.1,oracle_x,61,0.79
0.1,oracle_x,62,0.91
0.1,oracle_x,63,0.32
0.1,oracle_x,64,0.56
0.1,oracle_x,65,0.57
0.1,oracle_x,66,0.68
0.1,oracle_x,67,0.26
0.1,oracle_x,68,0.42
0.1,oracle_x,69,0.46
0.1,oracle_x,70,0.49
0.1,oracle_x,71,0.6
0.1,oracle_x,72,0.39
0.1,oracle_x,73,0.52
0.1,oracle_x,74,0.37
0.1,oracle_x,75,0.29
0.1,oracle_x,76,0.64
0.1,oracle_x,77,0.89
0.1,oracle_x,78,0.55
0.1,oracle_x,79,0.7
0.1,oracle_x,80,0.11
0.1,oracle_x,81,0.4
0.1,oracle_x,82,0.62
0.1,oracle_x,83,0.72
0.1,oracle_x,84,0.94
0.1,oracle_x,85,0.81
0.1,oracle_x,86,0.38
0.1,oracle_x,87,0.44
0.1,oracle_x,88,0.21
0.1,oracle_x,89,0.08
0.1,oracle_x,90,0.71
0.1,oracle_x,91,0.85
0.1,oracle_x,92,0.55
0.1,oracle_x,93,0.33
0.1,oracle_x,94,0.38
0.1,oracle_x,95,0.24
0.1,oracle_x,96,0.45
0.1,oracle_x,97,0.19
0.1,oracle_x,98,0.37
0.1,oracle_x,99,0.47
0.1,xy_snapshot,0,0.14
0.1,xy_snapshot,1,0.09
0.1,xy_snapshot,2,0.15
0.1,xy_snapshot,3,0.31
0.1,xy_snapshot,4,0.2
0.1,xy_snapshot,5,0.24
0.1,xy_snapshot,6,0.35
0.1,xy_snapshot,7,0.21
0.1,xy_snapshot,8,0.27
0.1,xy_snapshot,9,0.34
0.1,xy_snapshot,10,0.21
0.1,xy_snapshot,11,0.23
0.1,xy_snapshot,12,0.28
0.1,xy_snapshot,13,0.15
0.1,xy_snapshot,14,0.15
0.1,xy_snapshot,15,0.19
0.1,xy_snapshot,16,0.21
0.1,xy_snapshot,17,0.12
0.1,xy_snapshot,18,0.19
0.1,xy_snapshot,19,0.21
0.1,xy_snapshot,20,0.27
0.1,xy_snapshot,21,0.24
0.1,xy_snapshot,22,0.19
0.1,xy_snapshot,23,0.24
0.1,xy_snapshot,24,0.23
0.1,xy_snapshot,25,0.24
0.1,xy_snapshot,26,0.36
0.1,xy_snapshot,27,0.19
0.1,xy_snapshot,28,0.09
0.1,xy_snapshot,29,0.2
0.1,xy_snapshot,30,0.28
0.1,xy_snapshot,31,0.24
0.1,xy_snapshot,32,0.22
0.1,xy_snapshot,33,0.14
0.1,xy_snapshot,34,0.13
0.1,xy_snapshot,35,0.19
0.1,xy_snapshot,36,0.19
0.1,xy_snapshot,37,0.15
0.1,xy_snapshot,38,0.14
0.1,xy_snapshot,39,0.22
0.1,xy_snapshot,40,0.28
0.1,xy_snapshot,41,0.23
0.1,xy_snapshot,42,0.17
0.1,xy_snapshot,43,0.22
0.1,xy_snapshot,44,0.21
0.1,xy_snapshot,45,0.27
0.1,xy_snapshot,46,0.2
0.1,xy_snapshot,47,0.22
0.1,xy_snapshot,48,0.31
0.1,xy_snapshot,49,0.2
0.1,xy_snapshot,50,0.24
0.1,xy_snapshot,51,0.17
0.1,xy_snapshot,52,0.25
0.1,xy_snapshot,53,0.22
0.1,xy_snapshot,54,0.29
0.1,xy_snapshot,55,0.13
0.1,xy_snapshot,56,0.29
0.1,xy_snapshot,57,0.12
0.1,xy_snapshot,58,0.23
0.1,xy_snapshot,59,0.19
0.1,xy_snapshot,60,0.17
0.1,xy_snapshot,61,0.19
0.1,xy_snapshot,62,0.21
0.1,xy_snapshot,63,0.11
0.1,xy_snapshot,64,0.28
0.1,xy_snapshot,65,0.28
0.1,xy_snapshot,66,0.09
0.1,xy_snapshot,67,0.3
0.1,xy_snapshot,68,0.24
0.1,xy_snapshot,69,0.28
0.1,xy_snapshot,70,0.22
0.1,xy_snapshot,71,0.31
0.1,xy_snapshot,72,0.22
0.1,xy_snapshot,73,0.23
0.1,xy_snapshot,74,0.15
0.1,xy_snapshot,75,0.19
0.1,xy_snapshot,76,0.21
0.1,xy_snapshot,77,0.21
0.1,xy_snapshot,78,0.2
0.1,xy_snapshot,79,0.23
0.1,xy_snapshot,80,0.19
0.1,xy_snapshot,81,0.24
0.1,xy_snapshot,82,0.26
0.1,xy_snapshot,83,0.18
0.1,xy_snapshot,84,0.19
0.1,xy_snapshot,85,0.3
0.1,xy_snapshot,86,0.17
0.1,xy_snapshot,87,0.35
0.1,xy_snapshot,88,0.05
0.1,xy_snapshot,89,0.15
0.1,xy_snapshot,90,0.16
0.1,xy_snapshot,91,0.23
0.1,xy_snapshot,92,0.18
0.1,xy_snapshot,93,0.28
0.1,xy_snapshot,94,0.24
0.1,xy_snapshot,95,0.19
0.1,xy_snapshot,96,0.27
0.1,xy_snapshot,97,0.28
0.1,xy_snapshot,98,0.25
0.1,xy_snapshot,99,0.4
0.1,xy_pf,0,0.3
0.1,xy_pf,1,0.15
0.1,xy_pf,2,0.14
0.1,xy_pf,3,0.15
0.1,xy_pf,4,0.18
0.1,xy_pf,5,0.03
0.1,xy_pf,6,0.21
0.1,xy_pf,7,0.08
0.1,xy_pf,8,0.16
0.1,xy_pf,9,0.15
0.1,xy_pf,10,0.18
0.1,xy_pf,11,0.18
0.1,xy_pf,12,0.19
0.1,xy_pf,13,0.11
0.1,xy_pf,14,0.12
0.1,xy_pf,15,0.19
0.1,xy_pf,16,0.21
0.1,xy_pf,17,0.19
0.1,xy_pf,18,0.21
0.1,xy_pf,19,0.09
0.1,xy_pf,20,0.11
0.1,xy_pf,21,0.21
0.1,xy_pf,22,0.09
0.1,xy_pf,23,0.06
0.1,xy_pf,24,0.09
0.1,xy_pf,25,0.2
0.1,xy_pf,26,0.1
0.1,xy_pf,27,0.25
0.1,xy_pf,28,0.13
0.1,xy_pf,29,0.15
0.1,xy_pf,30,0.17
0.1,xy_pf,31,0.18
0.1,xy_pf,32,0.07
0.1,xy_pf,33,0.13
0.1,xy_pf,34,0.13
0.1,xy_pf,35,0.18
0.1,xy_pf,36,0.05
0.1,xy_pf,37,0.12
0.1,xy_pf,38,0.23
0.1,xy_pf,39,0.21
0.1,xy_pf,40,0.01
0.1,xy_pf,41,0.14
0.1,xy_pf,42,0.08
0.1,xy_pf,43,0.06
0.1,xy_pf,44,0.05
0.1,xy_pf,45,0.19
0.1,xy_pf,46,0.13
0.1,xy_pf,47,0.05
0.1,xy_pf,48,0.21
0.1,xy_pf,49,0.05
0.1,xy_pf,50,0.13
0.1,xy_pf,51,0.04
0.1,xy_pf,52,0.1
0.1,xy_pf,53,0.16
0.1,xy_pf,54,0.15
0.1,xy_pf,55,0.14
0.1,xy_pf,56,0.18
0.1,xy_pf,57,0.3
0.1,xy_pf,58,0.08
0.1,xy_pf,59,0.04
0.1,xy_pf,60,0.03
0.1,xy_pf,61,0.19
0.1,xy_pf,62,0.05
0.1,xy_pf,63,0.14
0.1,xy_pf,64,0.05
0.1,xy_pf,65,0.07
0.1,xy_pf,66,0.14
0.1,xy_pf,67,0.24
0.1,xy_pf,68,0.09
0.1,xy_pf,69,0.2
0.1,xy_pf,70,0.12
0.1,xy_pf,71,0.18
0.1,xy_pf,72,0.16
0.1,xy_pf,73,0.11
0.1,xy_pf,74,0.21
0.1,xy_pf,75,0.24
0.1,xy_pf,76,0.16
0.1,xy_pf,77,0.1
0.1,xy_pf,78,0.12
0.1,xy_pf,79,0.2
0.1,xy_pf,80,0.13
0.1,xy_pf,81,0.16
0.1,xy_pf,82,0.07
0.1,xy_pf,83,0.31
0.1,xy_pf,84,0.09
0.1,xy_pf,85,0.24
0.1,xy_pf,86,0.14
0.1,xy_pf,87,0.13
0.1,xy_pf,88,0.08
0.1,xy_pf,89,0.13
0.1,xy_pf,90,0.17
0.1,xy_pf,91,0.14
0.1,xy_pf,92,0.09
0.1,xy_pf,93,0.16
0.1,xy_pf,94,0.06
0.1,xy_pf,95,0.07
0.1,xy_pf,96,0.17
0.1,xy_pf,97,0.22
0.1,xy_pf,98,0.19
0.1,xy_pf,99,0.01
0.2,x_pf,0,0.14
0.2,x_pf,1,0.71
0.2,x_pf,2,0.35
0.2,x_pf,3,0.45
0.2,x_pf,4,0.58
0.2,x_pf,5,0.38
0.2,x_pf,6,0.67
0.2,x_pf,7,0.36
0.2,x_pf,8,0.07
0.2,x_pf,9,0.44
0.2,x_pf,10,0.05
0.2,x_pf,11,0.22
0.2,x_pf,12,0.38
0.2,x_pf,13,0.33
0.2,x_pf,14,0.25
0.2,x_pf,15,0.09
0.2,x_pf,16,0.51
0.2,x_pf,17,0.7
0.2,x_pf,18,0.35
0.2,x_pf,19,0.35
0.2,x_pf,20,0.56
0.2,x_pf,21,0.2
0.2,x_pf,22,0.86
0.2,x_pf,23,0.32
0.2,x_pf,24,0.23
0.2,x_pf,25,0.5
0.2,x_pf,26,0.37
0.2,x_pf,27,0.38
0.2,x_pf,28,0.42
0.2,x_pf,29,0.32
0.2,x_pf,30,0.17
0.2,x_pf,31,1.0
0.2,x_pf,32,0.47
0.2,x_pf,33,0.7
0.2,x_pf,34,0.59
0.2,x_pf,35,0.2
0.2,x_pf,36,0.33
0.2,x_pf,37,0.22
0.2,x_pf,38,0.44
0.2,x_pf,39,0.84
0.2,x_pf,40,0.17
0.2,x_pf,41,0.34
0.2,x_pf,42,0.97
0.2,x_pf,43,0.49
0.2,x_pf,44,0.45
0.2,x_pf,45,0.42
0.2,x_pf,46,0.28
0.2,x_pf,47,0.9
0.2,x_pf,48,0.62
0.2,x_pf,49,0.5
0.2,x_pf,50,0.52
0.2,x_pf,51,0.5
0.2,x_pf,52,0.19
0.2,x_pf,53,0.3
0.2,x_pf,54,0.15
0.2,x_pf,55,0.18
0.2,x_pf,56,0.28
0.2,x_pf,57,0.53
0.2,x_pf,58,0.81
0.2,x_pf,59,0.52
0.2,x_pf,60,0.5
0.2,x_pf,61,0.65
0.2,x_pf,62,0.67
0.2,x_pf,63,0.55
0.2,x_pf,64,0.49
0.2,x_pf,65,0.74
0.2,x_pf,66,0.29
0.2,x_pf,67,0.7
0.2,x_pf,68,0.21
0.2,x_pf,69,0.33
0.2,x_pf,70,0.19
0.2,x_pf,71,0.49
0.2,x_pf,72,0.38
0.2,x_pf,73,0.53
0.2,x_pf,74,0.25
0.2,x_pf,75,0.78
0.2,x_pf,76,0.76
0.2,x_pf,77,0.38
0.2,x_pf,78,0.63
0.2,x_pf,79,0.53
0.2,x_pf,80,0.72
0.2,x_pf,81,0.32
0.2,x_pf,82,0.46
0.2,x_pf,83,0.34
0.2,x_pf,84,0.73
0.2,x_pf,85,0.81
0.2,x_pf,86,0.5
0.2,x_pf,87,0.42
0.2,x_pf,88,0.72
0.2,x_pf,89,0.15
0.2,x_pf,90,0.16
0.2,x_pf,91,0.55
0.2,x_pf,92,0.05
0.2,x_pf,93,0.25
0.2,x_pf,94,0.79
0.2,x_pf,95,0.83
0.2,x_pf,96,0.49
0.2,x_pf,97,0.57
0.2,x_pf,98,0.68
0.2,x_pf,99,0.87
0.2,oracle_x,0,0.3
0.2,oracle_x,1,0.63
0.2,oracle_x,2,0.39
0.2,oracle_x,3,0.36
0.2,oracle_x,4,0.49
0.2,oracle_x,5,0.25
0.2,oracle_x,6,0.45
0.2,oracle_x,7,0.35
0.2,oracle_x,8,0.15
0.2,oracle_x,9,0.57
0.2,oracle_x,10,0.01
0.2,oracle_x,11,0.74
0.2,oracle_x,12,0.13
0.2,oracle_x,13,0.56
0.2,oracle_x,14,0.84
0.2,oracle_x,15,0.36
0.2,oracle_x,16,0.46
0.2,oracle_x,17,0.21
0.2,oracle_x,18,0.34
0.2,oracle_x,19,0.46
0.2,oracle_x,20,0.63
0.2,oracle_x,21,0.39
0.2,oracle_x,22,0.32
0.2,oracle_x,23,0.42
0.2,oracle_x,24,0.22
0.2,oracle_x,25,0.2
0.2,oracle_x,26,0.55
0.2,oracle_x,27,0.61
0.2,oracle_x,28,0.49
0.2,oracle_x,29,0.66
0.2,oracle_x,30,0.52
0.2,oracle_x,31,0.34
0.2,oracle_x,32,0.08
0.2,oracle_x,33,0.99
0.2,oracle_x,34,0.13
0.2,oracle_x,35,0.29
0.2,oracle_x,36,0.61
0.2,oracle_x,37,0.76
0.2,oracle_x,38,0.95
0.2,oracle_x,39,0.34
0.2,oracle_x,40,0.64
0.2,oracle_x,41,0.06
0.2,oracle_x,42,0.43
0.2,oracle_x,43,0.66
0.2,oracle_x,44,0.37
0.2,oracle_x,45,0.61
0.2,oracle_x,46,0.19
0.2,oracle_x,47,0.68
0.2,oracle_x,48,0.31
0.2,oracle_x,49,0.67
0.2,oracle_x,50,0.49
0.2,oracle_x,51,0.87
0.2,oracle_x,52,0.49
0.2,oracle_x,53,0.83
0.2,oracle_x,54,0.7
0.2,oracle_x,55,0.66
0.2,oracle_x,56,0.62
0.2,oracle_x,57,0.51
0.2,oracle_x,58,0.51
0.2,oracle_x,59,0.4
0.2,oracle_x,60,0.05
0.2,oracle_x,61,0.52
0.2,oracle_x,62,0.55
0.2,oracle_x,63,0.43
0.2,oracle_x,64,0.18
0.2,oracle_x,65,0.6
0.2,oracle_x,66,0.51
0.2,oracle_x,67,0.67
0.2,oracle_x,68,0.15
0.2,oracle_x,69,0.16
0.2,oracle_x,70,0.25
0.2,oracle_x,71,0.53
0.2,oracle_x,72,0.15
0.2,oracle_x,73,0.88
0.2,oracle_x,74,0.04
0.2,oracle_x,75,0.57
0.2,oracle_x,76,0.37
0.2,oracle_x,77,0.08
0.2,oracle_x,78,0.19
0.2,oracle_x,79,0.46
0.2,oracle_x,80,0.92
0.2,oracle_x,81,0.73
0.2,oracle_x,82,0.57
0.2,oracle_x,83,0.08
0.2,oracle_x,84,0.52
0.2,oracle_x,85,0.46
0.2,oracle_x,86,0.19
0.2,oracle_x,87,0.53
0.2,oracle_x,88,0.73
0.2,oracle_x,89,0.42
0.2,oracle_x,90,0.35
0.2,oracle_x,91,0.3
0.2,oracle_x,92,0.79
0.2,oracle_x,93,0.03
0.2,oracle_x,94,0.57
0.2,oracle_x,95,0.98
0.2,oracle_x,96,0.49
0.2,oracle_x,97,0.31
0.2,oracle_x,98,0.68
0.2,oracle_x,99,0.29
0.2,xy_snapshot,0,0.2
0.2,xy_snapshot,1,0.3
0.2,xy_snapshot,2,0.16
0.2,xy_snapshot,3,0.24
0.2,xy_snapshot,4,0.2
0.2,xy_snapshot,5,0.16
0.2,xy_snapshot,6,0.38
0.2,xy_snapshot,7,0.17
0.2,xy_snapshot,8,0.28
0.2,xy_snapshot,9,0.28
0.2,xy_snapshot,10,0.24
0.2,xy_snapshot,11,0.24
0.2,xy_snapshot,12,0.19
0.2,xy_snapshot,13,0.28
0.2,xy_snapshot,14,0.27
0.2,xy_snapshot,15,0.29
0.2,xy_snapshot,16,0.22
0.2,xy_snapshot,17,0.13
0.2,xy_snapshot,18,0.16
0.2,xy_snapshot,19,0.15
0.2,xy_snapshot,20,0.31
0.2,xy_snapshot,21,0.41
0.2,xy_snapshot,22,0.22
0.2,xy_snapshot,23,0.29
0.2,xy_snapshot,24,0.1
0.2,xy_snapshot,25,0.23
0.2,xy_snapshot,26,0.06
0.2,xy_snapshot,27,0.23
0.2,xy_snapshot,28,0.11
0.2,xy_snapshot,29,0.07
0.2,xy_snapshot,30,0.21
0.2,xy_snapshot,31,0.13
0.2,xy_snapshot,32,0.27
0.2,xy_snapshot,33,0.16
0.2,xy_snapshot,34,0.13
0.2,xy_snapshot,35,0.18
0.2,xy_snapshot,36,0.2
0.2,xy_snapshot,37,0.24
0.2,xy_snapshot,38,0.17
0.2,xy_snapshot,39,0.2
0.2,xy_snapshot,40,0.28
0.2,xy_snapshot,41,0.14
0.2,xy_snapshot,42,0.18
0.2,xy_snapshot,43,0.24
0.2,xy_snapshot,44,0.14
0.2,xy_snapshot,45,0.1
0.2,xy_snapshot,46,0.17
0.2,xy_snapshot,47,0.16
0.2,xy_snapshot,48,0.27
0.2,xy_snapshot,49,0.33
0.2,xy_snapshot,50,0.35
0.2,xy_snapshot,51,0.32
0.2,xy_snapshot,52,0.25
0.2,xy_snapshot,53,0.26
0.2,xy_snapshot,54,0.32
0.2,xy_snapshot,55,0.1
0.2,xy_snapshot,56,0.17
0.2,xy_snapshot,57,0.21
0.2,xy_snapshot,58,0.19
0.2,xy_snapshot,59,0.14
0.2,xy_snapshot,60,0.32
0.2,xy_snapshot,61,0.22
0.2,xy_snapshot,62,0.29
0.2,xy_snapshot,63,0.31
0.2,xy_snapshot,64,0.32
0.2,xy_snapshot,65,0.22
0.2,xy_snapshot,66,0.25
0.2,xy_snapshot,67,0.18
0.2,xy_snapshot,68,0.13
0.2,xy_snapshot,69,0.2
0.2,xy_snapshot,70,0.23
0.2,xy_snapshot,71,0.18
0.2,xy_snapshot,72,0.28
0.2,xy_snapshot,73,0.12
0.2,xy_snapshot,74,0.22
0.2,xy_snapshot,75,0.15
0.2,xy_snapshot,76,0.21
0.2,xy_snapshot,77,0.21
0.2,xy_snapshot,78,0.23
0.2,xy_snapshot,79,0.26
0.2,xy_snapshot,80,0.18
0.2,xy_snapshot,81,0.18
0.2,xy_snapshot,82,0.2
0.2,xy_snapshot,83,0.17
0.2,xy_snapshot,84,0.16
0.2,xy_snapshot,85,0.28
0.2,xy_snapshot,86,0.31
0.2,xy_snapshot,87,0.15
0.2,xy_snapshot,88,0.39
0.2,xy_snapshot,89,0.28
0.2,xy_snapshot,90,0.35
0.2,xy_snapshot,91,0.26
0.2,xy_snapshot,92,0.25
0.2,xy_snapshot,93,0.2
0.2,xy_snapshot,94,0.22
0.2,xy_snapshot,95,0.25
0.2,xy_snapshot,96,0.2
0.2,xy_snapshot,97,0.11
0.2,xy_snapshot,98,0.16
0.2,xy_snapshot,99,0.17
0.2,xy_pf,0,0.03
0.2,xy_pf,1,0.1
0.2,xy_pf,2,0.19
0.2,xy_pf,3,0.2
0.2,xy_pf,4,0.1
0.2,xy_pf,5,0.06
0.2,xy_pf,6,0.11
0.2,xy_pf,7,0.06
0.2,xy_pf,8,0.13
0.2,xy_pf,9,0.03
0.2,xy_pf,10,0.06
0.2,xy_pf,11,0.17
0.2,xy_pf,12,0.24
0.2,xy_pf,13,0.13
0.2,xy_pf,14,0.06
0.2,xy_pf,15,0.1
0.2,xy_pf,16,0.17
0.2,xy_pf,17,0.22
0.2,xy_pf,18,0.11
0.2,xy_pf,19,0.11
0.2,xy_pf,20,0.24
0.2,xy_pf,21,0.15
0.2,xy_pf,22,0.17
0.2,xy_pf,23,0.06
0.2,xy_pf,24,0.28
0.2,xy_pf,25,0.11
0.2,xy_pf,26,0.24
0.2,xy_pf,27,0.15
0.2,xy_pf,28,0.11
0.2,xy_pf,29,0.02
0.2,xy_pf,30,0.23
0.2,xy_pf,31,0.19
0.2,xy_pf,32,0.08
0.2,xy_pf,33,0.14
0.2,xy_pf,34,0.2
0.2,xy_pf,35,0.0
0.2,xy_pf,36,0.16
0.2,xy_pf,37,0.16
0.2,xy_pf,38,0.09
0.2,xy_pf,39,0.22
0.2,xy_pf,40,0.18
0.2,xy_pf,41,0.36
0.2,xy_pf,42,0.08
0.2,xy_pf,43,0.21
0.2,xy_pf,44,0.09
0.2,xy_pf,45,0.18
0.2,xy_pf,46,0.16
0.2,xy_pf,47,0.13
0.2,xy_pf,48,0.13
0.2,xy_pf,49,0.09
0.2,xy_pf,50,0.1
0.2,xy_pf,51,0.12
0.2,xy_pf,52,0.1
0.2,xy_pf,53,0.15
0.2,xy_pf,54,0.24
0.2,xy_pf,55,0.14
0.2,xy_pf,56,0.09
0.2,xy_pf,57,0.1
0.2,xy_pf,58,0.11
0.2,xy_pf,59,0.19
0.2,xy_pf,60,0.0
0.2,xy_pf,61,0.06
0.2,xy_pf,62,0.06
0.2,xy_pf,63,0.11
0.2,xy_pf,64,0.02
0.2,xy_pf,65,0.23
0.2,xy_pf,66,0.14
0.2,xy_pf,67,0.14
0.2,xy_pf,68,0.19
0.2,xy_pf,69,0.27
0.2,xy_pf,70,0.17
0.2,xy_pf,71,0.23
0.2,xy_pf,72,0.13
0.2,xy_pf,73,0.1
0.2,xy_pf,74,0.19
0.2,xy_pf,75,0.1
0.2,xy_pf,76,0.05
0.2,xy_pf,77,0.17
0.2,xy_pf,78,0.1
0.2,xy_pf,79,0.17
0.2,xy_pf,80,0.08
0.2,xy_pf,81,0.1
0.2,xy_pf,82,0.06
0.2,xy_pf,83,0.22
0.2,xy_pf,84,0.13
0.2,xy_pf,85,0.15
0.2,xy_pf,86,0.13
0.2,xy_pf,87,0.05
0.2,xy_pf,88,0.15
0.2,xy_pf,89,0.03
0.2,xy_pf,90,0.1
0.2,xy_pf,91,0.14
0.2,xy_pf,92,0.03
0.2,xy_pf,93,0.15
0.2,xy_pf,94,0.14
0.2,xy_pf,95,0.28
0.2,xy_pf,96,0.14
0.2,xy_pf,97,0.12
0.2,xy_pf,98,0.21
0.2,xy_pf,99,0.27
0.3,x_pf,0,0.46
0.3,x_pf,1,0.37
0.3,x_pf,2,0.55
0.3,x_pf,3,0.49
0.3,x_pf,4,0.38
0.3,x_pf,5,0.12
0.3,x_pf,6,0.37
0.3,x_pf,7,0.72
0.3,x_pf,8,0.92
0.3,x_pf,9,0.51
0.3,x_pf,10,0.12
0.3,x_pf,11,0.14
0.3,x_pf,12,0.19
0.3,x_pf,13,0.31
0.3,x_pf,14,0.29
0.3,x_pf,15,0.75
0.3,x_pf,16,0.66
0.3,x_pf,17,0.18
0.3,x_pf,18,0.66
0.3,x_pf,19,0.26
0.3,x_pf,20,0.42
0.3,x_pf,21,0.17
0.3,x_pf,22,0.2
0.3,x_pf,23,0.37
0.3,x_pf,24,0.28
0.3,x_pf,25,0.32
0.3,x_pf,26,0.44
0.3,x_pf,27,0.26
0.3,x_pf,28,0.68
0.3,x_pf,29,0.56
0.3,x_pf,30,0.31
0.3,x_pf,31,0.2
0.3,x_pf,32,0.3
0.3,x_pf,33,0.01
0.3,x_pf,34,0.9
0.3,x_pf,35,0.93
0.3,x_pf,36,0.55
0.3,x_pf,37,0.02
0.3,x_pf,38,0.51
0.3,x_pf,39,0.44
0.3,x_pf,40,0.13
0.3,x_pf,41,0.59
0.3,x_pf,42,0.37
0.3,x_pf,43,0.36
0.3,x_pf,44,0.84
0.3,x_pf,45,0.0
0.3,x_pf,46,0.35
0.3,x_pf,47,0.19
0.3,x_pf,48,0.22
0.3,x_pf,49,0.11
0.3,x_pf,50,0.48
0.3,x_pf,51,0.39
0.3,x_pf,52,0.12
0.3,x_pf,53,0.97
0.3,x_pf,54,0.66
0.3,x_pf,55,0.33
0.3,x_pf,56,0.39
0.3,x_pf,57,0.28
0.3,x_pf,58,0.2
0.3,x_pf,59,0.17
0.3,x_pf,60,0.21
0.3,x_pf,61,0.16
0.3,x_pf,62,0.56
0.3,x_pf,63,0.63
0.3,x_pf,64,0.54
0.3,x_pf,65,0.54
0.3,x_pf,66,0.37
0.3,x_pf,67,0.0
0.3,x_pf,68,0.44
0.3,x_pf,69,0.34
0.3,x_pf,70,0.55
0.3,x_pf,71,0.21
0.3,x_pf,72,0.85
0.3,x_pf,73,0.42
0.3,x_pf,74,0.21
0.3,x_pf,75,0.49
0.3,x_pf,76,0.03
0.3,x_pf,77,0.56
0.3,x_pf,78,0.09
0.3,x_pf,79,0.81
0.3,x_pf,80,0.68
0.3,x_pf,81,0.79
0.3,x_pf,82,0.24
0.3,x_pf,83,0.09
0.3,x_pf,84,0.02
0.3,x_pf,85,0.96
0.3,x_pf,86,0.41
0.3,x_pf,87,0.18
0.3,x_pf,88,0.53
0.3,x_pf,89,0.39
0.3,x_pf,90,0.65
0.3,x_pf,91,0.25
0.3,x_pf,92,0.97
0.3,x_pf,93,0.33
0.3,x_pf,94,0.38
0.3,x_pf,95,0.48
0.3,x_pf,96,0.27
0.3,x_pf,97,0.52
0.3,x_pf,98,0.59
0.3,x_pf,99,0.61
0.3,oracle_x,0,0.78
0.3,oracle_x,1,0.11
0.3,oracle_x,2,0.01
0.3,oracle_x,3,0.77
0.3,oracle_x,4,0.95
0.3,oracle_x,5,0.17
0.3,oracle_x,6,0.45
0.3,oracle_x,7,0.44
0.3,oracle_x,8,0.18
0.3,oracle_x,9,0.38
0.3,oracle_x,10,0.53
0.3,oracle_x,11,0.45
0.3,oracle_x,12,0.43
0.3,oracle_x,13,0.36
0.3,oracle_x,14,0.45
0.3,oracle_x,15,0.06
0.3,oracle_x,16,0.11
0.3,oracle_x,17,0.17
0.3,oracle_x,18,0.81
0.3,oracle_x,19,0.78
0.3,oracle_x,20,0.45
0.3,oracle_x,21,0.55
0.3,oracle_x,22,0.27
0.3,oracle_x,23,0.84
0.3,oracle_x,24,0.81
0.3,oracle_x,25,0.13
0.3,oracle_x,26,0.35
0.3,oracle_x,27,0.27
0.3,oracle_x,28,0.25
0.3,oracle_x,29,0.33
0.3,oracle_x,30,0.29
0.3,oracle_x,31,0.56
0.3,oracle_x,32,0.65
0.3,oracle_x,33,0.62
0.3,oracle_x,34,0.43
0.3,oracle_x,35,0.48
0.3,oracle_x,36,0.7
0.3,oracle_x,37,0.7
0.3,oracle_x,38,0.24
0.3,oracle_x,39,0.58
0.3,oracle_x,40,0.34
0.3,oracle_x,41,0.82
0.3,oracle_x,42,0.49
0.3,oracle_x,43,0.56
0.3,oracle_x,44,0.89
0.3,oracle_x,45,0.2
0.3,oracle_x,46,0.5
0.3,oracle_x,47,0.3
0.3,oracle_x,48,0.8
0.3,oracle_x,49,0.73
0.3,oracle_x,50,0.34
0.3,oracle_x,51,0.03
0.3,oracle_x,52,0.08
0.3,oracle_x,53,0.66
0.3,oracle_x,54,0.24
0.3,oracle_x,55,0.26
0.3,oracle_x,56,0.52
0.3,oracle_x,57,0.69
0.3,oracle_x,58,0.26
0.3,oracle_x,59,0.32
0.3,oracle_x,60,0.35
0.3,oracle_x,61,0.52
0.3,oracle_x,62,0.25
0.3,oracle_x,63,0.01
0.3,oracle_x,64,0.57
0.3,oracle_x,65,1.0
0.3,oracle_x,66,0.52
0.3,oracle_x,67,0.67
0.3,oracle_x,68,0.36
0.3,oracle_x,69,0.33
0.3,oracle_x,70,0.36
0.3,oracle_x,71,0.1
0.3,oracle_x,72,0.15
0.3,oracle_x,73,0.42
0.3,oracle_x,74,0.57
0.3,oracle_x,75,0.85
0.3,oracle_x,76,0.29
0.3,oracle_x,77,0.84
0.3,oracle_x,78,0.74
0.3,oracle_x,79,0.16
0.3,oracle_x,80,0.12
0.3,oracle_x,81,0.29
0.3,oracle_x,82,0.19
0.3,oracle_x,83,0.37
0.3,oracle_x,84,0.43
0.3,oracle_x,85,0.46
0.3,oracle_x,86,0.65
0.3,oracle_x,87,0.87
0.3,oracle_x,88,0.69
0.3,oracle_x,89,0.05
0.3,oracle_x,90,0.9
0.3,oracle_x,91,0.39
0.3,oracle_x,92,0.3
0.3,oracle_x,93,0.24
0.3,oracle_x,94,0.1
0.3,oracle_x,95,0.36
0.3,oracle_x,96,0.11
0.3,oracle_x,97,0.82
0.3,oracle_x,98,0.37
0.3,oracle_x,99,0.25
0.3,xy_snapshot,0,0.24
0.3,xy_snapshot,1,0.28
0.3,xy_snapshot,2,0.15
0.3,xy_snapshot,3,0.19
0.3,xy_snapshot,4,0.25
0.3,xy_snapshot,5,0.12
0.3,xy_snapshot,6,0.24
0.3,xy_snapshot,7,0.32
0.3,xy_snapshot,8,0.17
0.3,xy_snapshot,9,0.18
0.3,xy_snapshot,10,0.23
0.3,xy_snapshot,11,0.36
0.3,xy_snapshot,12,0.29
0.3,xy_snapshot,13,0.29
0.3,xy_snapshot,14,0.19
0.3,xy_snapshot,15,0.21
0.3,xy_snapshot,16,0.25
0.3,xy_snapshot,17,0.13
0.3,xy_snapshot,18,0.23
0.3,xy_snapshot,19,0.2
0.3,xy_snapshot,20,0.18
0.3,xy_snapshot,21,0.02
0.3,xy_snapshot,22,0.26
0.3,xy_snapshot,23,0.23
0.3,xy_snapshot,24,0.24
0.3,xy_snapshot,25,0.04
0.3,xy_snapshot,26,0.18
0.3,xy_snapshot,27,0.12
0.3,xy_snapshot,28,0.24
0.3,xy_snapshot,29,0.23
0.3,xy_snapshot,30,0.27
0.3,xy_snapshot,31,0.18
0.3,xy_snapshot,32,0.16
0.3,xy_snapshot,33,0.19
0.3,xy_snapshot,34,0.19
0.3,xy_snapshot,35,0.31
0.3,xy_snapshot,36,0.31
0.3,xy_snapshot,37,0.19
0.3,xy_snapshot,38,0.22
0.3,xy_snapshot,39,0.17
0.3,xy_snapshot,40,0.25
0.3,xy_snapshot,41,0.18
0.3,xy_snapshot,42,0.1
0.3,xy_snapshot,43,0.26
0.3,xy_snapshot,44,0.22
0.3,xy_snapshot,45,0.35
0.3,xy_snapshot,46,0.25
0.3,xy_snapshot,47,0.18
0.3,xy_snapshot,48,0.17
0.3,xy_snapshot,49,0.26
0.3,xy_snapshot,50,0.24
0.3,xy_snapshot,51,0.1
0.3,xy_snapshot,52,0.25
0.3,xy_snapshot,53,0.28
0.3,xy_snapshot,54,0.2
0.3,xy_snapshot,55,0.13
0.3,xy_snapshot,56,0.23
0.3,xy_snapshot,57,0.22
0.3,xy_snapshot,58,0.15
0.3,xy_snapshot,59,0.2
0.3,xy_snapshot,60,0.14
0.3,xy_snapshot,61,0.36
0.3,xy_snapshot,62,0.18
0.3,xy_snapshot,63,0.13
0.3,xy_snapshot,64,0.17
0.3,xy_snapshot,65,0.35
0.3,xy_snapshot,66,0.18
0.3,xy_snapshot,67,0.22
0.3,xy_snapshot,68,0.18
0.3,xy_snapshot,69,0.23
0.3,xy_snapshot,70,0.18
0.3,xy_snapshot,71,0.28
0.3,xy_snapshot,72,0.19
0.3,xy_snapshot,73,0.16
0.3,xy_snapshot,74,0.15
0.3,xy_snapshot,75,0.3
0.3,xy_snapshot,76,0.26
0.3,xy_snapshot,77,0.33
0.3,xy_snapshot,78,0.22
0.3,xy_snapshot,79,0.31
0.3,xy_snapshot,80,0.24
0.3,xy_snapshot,81,0.23
0.3,xy_snapshot,82,0.12
0.3,xy_snapshot,83,0.36
0.3,xy_snapshot,84,0.25
0.3,xy_snapshot,85,0.22
0.3,xy_snapshot,86,0.19
0.3,xy_snapshot,87,0.3
0.3,xy_snapshot,88,0.12
0.3,xy_snapshot,89,0.25
0.3,xy_snapshot,90,0.19
0.3,xy_snapshot,91,0.21
0.3,xy_snapshot,92,0.29
0.3,xy_snapshot,93,0.15
0.3,xy_snapshot,94,0.19
0.3,xy_snapshot,95,0.13
0.3,xy_snapshot,96,0.19
0.3,xy_snapshot,97,0.19
0.3,xy_snapshot,98,0.12
0.3,xy_snapshot,99,0.1
0.3,xy_pf,0,0.02
0.3,xy_pf,1,0.09
0.3,xy_pf,2,0.16
0.3,xy_pf,3,0.05
0.3,xy_pf,4,0.04
0.3,xy_pf,5,0.02
0.3,xy_pf,6,0.09
0.3,xy_pf,7,0.06
0.3,xy_pf,8,0.15
0.3,xy_pf,9,0.17
0.3,xy_pf,10,0.07
0.3,xy_pf,11,0.08
0.3,xy_pf,12,0.14
0.3,xy_pf,13,0.12
0.3,xy_pf,14,0.08
0.3,xy_pf,15,0.11
0.3,xy_pf,16,0.1
0.3,xy_pf,17,0.09
0.3,xy_pf,18,0.05
0.3,xy_pf,19,0.13
0.3,xy_pf,20,0.16
0.3,xy_pf,21,0.26
0.3,xy_pf,22,0.33
0.3,xy_pf,23,0.21
0.3,xy_pf,24,0.18
0.3,xy_pf,25,0.08
0.3,xy_pf,26,0.3
0.3,xy_pf,27,0.03
0.3,xy_pf,28,0.09
0.3,xy_pf,29,0.09
0.3,xy_pf,30,0.04
0.3,xy_pf,31,0.02
0.3,xy_pf,32,0.2
0.3,xy_pf,33,0.06
0.3,xy_pf,34,0.21
0.3,xy_pf,35,0.34
0.3,xy_pf,36,0.19
0.3,xy_pf,37,0.11
0.3,xy_pf,38,0.19
0.3,xy_pf,39,0.03
0.3,xy_pf,40,0.09
0.3,xy_pf,41,0.12
0.3,xy_pf,42,0.17
0.3,xy_pf,43,0.09
0.3,xy_pf,44,0.14
0.3,xy_pf,45,0.1
0.3,xy_pf,46,0.14
0.3,xy_pf,47,0.11
0.3,xy_pf,48,0.11
0.3,xy_pf,49,0.17
0.3,xy_pf,50,0.17
0.3,xy_pf,51,0.2
0.3,xy_pf,52,0.05
0.3,xy_pf,53,0.16
0.3,xy_pf,54,0.11
0.3,xy_pf,55,0.12
0.3,xy_pf,56,0.06
0.3,xy_pf,57,0.28
0.3,xy_pf,58,0.2
0.3,xy_pf,59,0.05
0.3,xy_pf,60,0.31
0.3,xy_pf,61,0.22
0.3,xy_pf,62,0.22
0.3,xy_pf,63,0.06
0.3,xy_pf,64,0.15
0.3,xy_pf,65,0.08
0.3,xy_pf,66,0.18
0.3,xy_pf,67,0.25
0.3,xy_pf,68,0.15
0.3,xy_pf,69,0.03
0.3,xy_pf,70,0.11
0.3,xy_pf,71,0.15
0.3,xy_pf,72,0.06
0.3,xy_pf,73,0.05
0.3,xy_pf,74,0.16
0.3,xy_pf,75,0.11
0.3,xy_pf,76,0.21
0.3,xy_pf,77,0.04
0.3,xy_pf,78,0.11
0.3,xy_pf,79,0.18
0.3,xy_pf,80,0.14
0.3,xy_pf,81,0.08
0.3,xy_pf,82,0.13
0.3,xy_pf,83,0.27
0.3,xy_pf,84,0.27
0.3,xy_pf,85,0.05
0.3,xy_pf,86,0.01
0.3,xy_pf,87,0.05
0.3,xy_pf,88,0.14
0.3,xy_pf,89,0.24
0.3,xy_pf,90,0.02
0.3,xy_pf,91,0.13
0.3,xy_pf,92,0.15
0.3,xy_pf,93,0.11
0.3,xy_pf,94,0.16
0.3,xy_pf,95,0.15
0.3,xy_pf,96,0.15
0.3,xy_pf,97,0.18
0.3,xy_pf,98,0.14
0.3,xy_pf,99,0.14
0.5,x_pf,0,0.17
0.5,x_pf,1,0.47
0.5,x_pf,2,0.09
0.5,x_pf,3,0.22
0.5,x_pf,4,0.16
0.5,x_pf,5,0.39
0.5,x_pf,6,0.35
0.5,x_pf,7,0.4
0.5,x_pf,8,0.55
0.5,x_pf,9,0.25
0.5,x_pf,10,0.05
0.5,x_pf,11,0.48
0.5,x_pf,12,0.04
0.5,x_pf,13,0.34
0.5,x_pf,14,0.27
0.5,x_pf,15,0.22
0.5,x_pf,16,0.35
0.5,x_pf,17,0.18
0.5,x_pf,18,0.16
0.5,x_pf,19,0.0
0.5,x_pf,20,0.52
0.5,x_pf,21,0.38
0.5,x_pf,22,0.01
0.5,x_pf,23,0.25
0.5,x_pf,24,0.32
0.5,x_pf,25,0.57
0.5,x_pf,26,0.14
0.5,x_pf,27,0.17
0.5,x_pf,28,0.69
0.5,x_pf,29,0.18
0.5,x_pf,30,0.28
0.5,x_pf,31,0.09
0.5,x_pf,32,0.44
0.5,x_pf,33,0.17
0.5,x_pf,34,0.3
0.5,x_pf,35,0.55
0.5,x_pf,36,0.45
0.5,x_pf,37,0.37
0.5,x_pf,38,0.74
0.5,x_pf,39,0.32
0.5,x_pf,40,0.56
0.5,x_pf,41,0.1
0.5,x_pf,42,0.12
0.5,x_pf,43,0.47
0.5,x_pf,44,0.15
0.5,x_pf,45,0.27
0.5,x_pf,46,0.13
0.5,x_pf,47,0.43
0.5,x_pf,48,0.79
0.5,x_pf,49,0.05
0.5,x_pf,50,0.42
0.5,x_pf,51,0.8
0.5,x_pf,52,0.6
0.5,x_pf,53,0.16
0.5,x_pf,54,0.0
0.5,x_pf,55,0.15
0.5,x_pf,56,0.17
0.5,x_pf,57,0.01
0.5,x_pf,58,0.71
0.5,x_pf,59,0.53
0.5,x_pf,60,0.0
0.5,x_pf,61,0.51
0.5,x_pf,62,0.06
0.5,x_pf,63,0.38
0.5,x_pf,64,0.19
0.5,x_pf,65,0.91
0.5,x_pf,66,0.74
0.5,x_pf,67,0.17
0.5,x_pf,68,0.38
0.5,x_pf,69,0.14
0.5,x_pf,70,0.5
0.5,x_pf,71,0.87
0.5,x_pf,72,0.31
0.5,x_pf,73,0.24
0.5,x_pf,74,0.02
0.5,x_pf,75,0.35
0.5,x_pf,76,0.49
0.5,x_pf,77,0.68
0.5,x_pf,78,0.05
0.5,x_pf,79,0.56
0.5,x_pf,80,0.19
0.5,x_pf,81,0.6
0.5,x_pf,82,0.62
0.5,x_pf,83,0.01
0.5,x_pf,84,0.55
0.5,x_pf,85,0.35
0.5,x_pf,86,0.33
0.5,x_pf,87,0.79
0.5,x_pf,88,0.47
0.5,x_pf,89,0.7
0.5,x_pf,90,0.17
0.5,x_pf,91,0.65
0.5,x_pf,92,0.28
0.5,x_pf,93,0.49
0.5,x_pf,94,0.26
0.5,x_pf,95,0.19
0.5,x_pf,96,0.14
0.5,x_pf,97,0.03
0.5,x_pf,98,0.32
0.5,x_pf,99,0.31
0.5,oracle_x,0,0.09
0.5,oracle_x,1,0.47
0.5,oracle_x,2,0.07
0.5,oracle_x,3,0.2
0.5,oracle_x,4,0.06
0.5,oracle_x,5,0.22
0.5,oracle_x,6,0.27
0.5,oracle_x,7,0.64
0.5,oracle_x,8,0.51
0.5,oracle_x,9,0.27
0.5,oracle_x,10,0.27
0.5,oracle_x,11,0.33
0.5,oracle_x,12,0.58
0.5,oracle_x,13,0.02
0.5,oracle_x,14,0.36
0.5,oracle_x,15,0.12
0.5,oracle_x,16,0.21
0.5,oracle_x,17,0.17
0.5,oracle_x,18,0.67
0.5,oracle_x,19,0.55
0.5,oracle_x,20,0.45
0.5,oracle_x,21,0.0
0.5,oracle_x,22,0.89
0.5,oracle_x,23,0.4
0.5,oracle_x,24,0.35
0.5,oracle_x,25,0.24
0.5,oracle_x,26,0.24
0.5,oracle_x,27,0.27
0.5,oracle_x,28,0.18
0.5,oracle_x,29,0.17
0.5,oracle_x,30,0.19
0.5,oracle_x,31,0.4
0.5,oracle_x,32,0.33
0.5,oracle_x,33,0.22
0.5,oracle_x,34,0.59
0.5,oracle_x,35,0.18
0.5,oracle_x,36,0.33
0.5,oracle_x,37,0.06
0.5,oracle_x,38,0.48
0.5,oracle_x,39,0.15
0.5,oracle_x,40,0.16
0.5,oracle_x,41,0.1
0.5,oracle_x,42,0.25
0.5,oracle_x,43,0.16
0.5,oracle_x,44,0.9
0.5,oracle_x,45,0.13
0.5,oracle_x,46,0.21
0.5,oracle_x,47,0.83
0.5,oracle_x,48,0.32
0.5,oracle_x,49,0.06
0.5,oracle_x,50,0.27
0.5,oracle_x,51,0.14
0.5,oracle_x,52,0.69
0.5,oracle_x,53,0.04
0.5,oracle_x,54,0.12
0.5,oracle_x,55,0.26
0.5,oracle_x,56,0.49
0.5,oracle_x,57,0.12
0.5,oracle_x,58,0.15
0.5,oracle_x,59,0.25
0.5,oracle_x,60,0.7
0.5,oracle_x,61,0.51
0.5,oracle_x,62,0.2
0.5,oracle_x,63,0.59
0.5,oracle_x,64,0.0
0.5,oracle_x,65,0.13
0.5,oracle_x,66,0.09
0.5,oracle_x,67,0.3
0.5,oracle_x,68,0.16
0.5,oracle_x,69,0.13
0.5,oracle_x,70,0.38
0.5,oracle_x,71,0.03
0.5,oracle_x,72,0.06
0.5,oracle_x,73,0.37
0.5,oracle_x,74,0.54
0.5,oracle_x,75,0.54
0.5,oracle_x,76,0.01
0.5,oracle_x,77,0.2
0.5,oracle_x,78,0.49
0.5,oracle_x,79,0.27
0.5,oracle_x,80,0.21
0.5,oracle_x,81,0.15
0.5,oracle_x,82,0.05
0.5,oracle_x,83,0.06
0.5,oracle_x,84,0.37
0.5,oracle_x,85,0.46
0.5,oracle_x,86,0.36
0.5,oracle_x,87,0.27
0.5,oracle_x,88,0.29
0.5,oracle_x,89,0.33
0.5,oracle_x,90,0.2
0.5,oracle_x,91,0.4
0.5,oracle_x,92,0.02
0.5,oracle_x,93,0.48
0.5,oracle_x,94,0.11
0.5,oracle_x,95,0.64
0.5,oracle_x,96,0.52
0.5,oracle_x,97,0.1
0.5,oracle_x,98,0.38
0.5,oracle_x,99,0.0
0.5,xy_snapshot,0,0.22
0.5,xy_snapshot,1,0.13
0.5,xy_snapshot,2,0.23
0.5,xy_snapshot,3,0.28
0.5,xy_snapshot,4,0.1
0.5,xy_snapshot,5,0.24
0.5,xy_snapshot,6,0.13
0.5,xy_snapshot,7,0.12
0.5,xy_snapshot,8,0.39
0.5,xy_snapshot,9,0.25
0.5,xy_snapshot,10,0.24
0.5,xy_snapshot,11,0.34
0.5,xy_snapshot,12,0.3
0.5,xy_snapshot,13,0.16
0.5,xy_snapshot,14,0.28
0.5,xy_snapshot,15,0.25
0.5,xy_snapshot,16,0.25
0.5,xy_snapshot,17,0.27
0.5,xy_snapshot,18,0.12
0.5,xy_snapshot,19,0.12
0.5,xy_snapshot,20,0.21
0.5,xy_snapshot,21,0.16
0.5,xy_snapshot,22,0.14
0.5,xy_snapshot,23,0.24
0.5,xy_snapshot,24,0.17
0.5,xy_snapshot,25,0.29
0.5,xy_snapshot,26,0.3
0.5,xy_snapshot,27,0.16
0.5,xy_snapshot,28,0.16
0.5,xy_snapshot,29,0.25
0.5,xy_snapshot,30,0.21
0.5,xy_snapshot,31,0.2
0.5,xy_snapshot,32,0.15
0.5,xy_snapshot,33,0.15
0.5,xy_snapshot,34,0.17
0.5,xy_snapshot,35,0.21
0.5,xy_snapshot,36,0.26
0.5,xy_snapshot,37,0.25
0.5,xy_snapshot,38,0.2
0.5,xy_snapshot,39,0.3
0.5,xy_snapshot,40,0.15
0.5,xy_snapshot,41,0.26
0.5,xy_snapshot,42,0.2
0.5,xy_snapshot,43,0.18
0.5,xy_snapshot,44,0.34
0.5,xy_snapshot,45,0.2
0.5,xy_snapshot,46,0.26
0.5,xy_snapshot,47,0.27
0.5,xy_snapshot,48,0.18
0.5,xy_snapshot,49,0.34
0.5,xy_snapshot,50,0.1
0.5,xy_snapshot,51,0.29
0.5,xy_snapshot,52,0.28
0.5,xy_snapshot,53,0.26
0.5,xy_snapshot,54,0.32
0.5,xy_snapshot,55,0.18
0.5,xy_snapshot,56,0.1
0.5,xy_snapshot,57,0.19
0.5,xy_snapshot,58,0.25
0.5,xy_snapshot,59,0.1
0.5,xy_snapshot,60,0.2
0.5,xy_snapshot,61,0.16
0.5,xy_snapshot,62,0.22
0.5,xy_snapshot,63,0.21
0.5,xy_snapshot,64,0.16
0.5,xy_snapshot,65,0.27
0.5,xy_snapshot,66,0.18
0.5,xy_snapshot,67,0.1
0.5,xy_snapshot,68,0.14
0.5,xy_snapshot,69,0.24
0.5,xy_snapshot,70,0.3
0.5,xy_snapshot,71,0.22
0.5,xy_snapshot,72,0.25
0.5,xy_snapshot,73,0.3
0.5,xy_snapshot,74,0.28
0.5,xy_snapshot,75,0.1
0.5,xy_snapshot,76,0.29
0.5,xy_snapshot,77,0.14
0.5,xy_snapshot,78,0.1
0.5,xy_snapshot,79,0.22
0.5,xy_snapshot,80,0.16
0.5,xy_snapshot,81,0.21
0.5,xy_snapshot,82,0.2
0.5,xy_snapshot,83,0.18
0.5,xy_snapshot,84,0.26
0.5,xy_snapshot,85,0.27
0.5,xy_snapshot,86,0.17
0.5,xy_snapshot,87,0.29
0.5,xy_snapshot,88,0.13
0.5,xy_snapshot,89,0.13
0.5,xy_snapshot,90,0.22
0.5,xy_snapshot,91,0.23
0.5,xy_snapshot,92,0.25
0.5,xy_snapshot,93,0.2
0.5,xy_snapshot,94,0.29
0.5,xy_snapshot,95,0.17
0.5,xy_snapshot,96,0.33
0.5,xy_snapshot,97,0.22
0.5,xy_snapshot,98,0.11
0.5,xy_snapshot,99,0.25
0.5,xy_pf,0,0.15
0.5,xy_pf,1,0.06
0.5,xy_pf,2,0.09
0.5,xy_pf,3,0.0
0.5,xy_pf,4,0.08
0.5,xy_pf,5,0.1
0.5,xy_pf,6,0.1
0.5,xy_pf,7,0.16
0.5,xy_pf,8,0.13
0.5,xy_pf,9,0.14
0.5,xy_pf,10,0.12
0.5,xy_pf,11,0.31
0.5,xy_pf,12,0.14
0.5,xy_pf,13,0.17
0.5,xy_pf,14,0.13
0.5,xy_pf,15,0.21
0.5,xy_pf,16,0.2
0.5,xy_pf,17,0.2
0.5,xy_pf,18,0.04
0.5,xy_pf,19,0.08
0.5,xy_pf,20,0.18
0.5,xy_pf,21,0.19
0.5,xy_pf,22,0.16
0.5,xy_pf,23,0.16
0.5,xy_pf,24,0.23
0.5,xy_pf,25,0.06
0.5,xy_pf,26,0.09
0.5,xy_pf,27,0.15
0.5,xy_pf,28,0.1
0.5,xy_pf,29,0.15
0.5,xy_pf,30,0.05
0.5,xy_pf,31,0.03
0.5,xy_pf,32,0.15
0.5,xy_pf,33,0.01
0.5,xy_pf,34,0.08
0.5,xy_pf,35,0.15
0.5,xy_pf,36,0.11
0.5,xy_pf,37,0.13
0.5,xy_pf,38,0.07
0.5,xy_pf,39,0.16
0.5,xy_pf,40,0.18
0.5,xy_pf,41,0.0
0.5,xy_pf,42,0.05
0.5,xy_pf,43,0.04
0.5,xy_pf,44,0.21
0.5,xy_pf,45,0.11
0.5,xy_pf,46,0.1
0.5,xy_pf,47,0.15
0.5,xy_pf,48,0.06
0.5,xy_pf,49,0.09
0.5,xy_pf,50,0.13
0.5,xy_pf,51,0.16
0.5,xy_pf,52,0.12
0.5,xy_pf,53,0.29
0.5,xy_pf,54,0.03
0.5,xy_pf,55,0.07
0.5,xy_pf,56,0.03
0.5,xy_pf,57,0.13
0.5,xy_pf,58,0.16
0.5,xy_pf,59,0.14
0.5,xy_pf,60,0.13
0.5,xy_pf,61,0.11
0.5,xy_pf,62,0.05
0.5,xy_pf,63,0.15
0.5,xy_pf,64,0.17
0.5,xy_pf,65,0.06
0.5,xy_pf,66,0.27
0.5,xy_pf,67,0.24
0.5,xy_pf,68,0.12
0.5,xy_pf,69,0.0
0.5,xy_pf,70,0.08
0.5,xy_pf,71,0.18
0.5,xy_pf,72,0.05
0.5,xy_pf,73,0.19
0.5,xy_pf,74,0.23
0.5,xy_pf,75,0.16
0.5,xy_pf,76,0.13
0.5,xy_pf,77,0.05
0.5,xy_pf,78,0.13
0.5,xy_pf,79,0.27
0.5,xy_pf,80,0.21
0.5,xy_pf,81,0.05
0.5,xy_pf,82,0.06
0.5,xy_pf,83,0.09
0.5,xy_pf,84,0.09
0.5,xy_pf,85,0.08
0.5,xy_pf,86,0.1
0.5,xy_pf,87,0.01
0.5,xy_pf,88,0.11
0.5,xy_pf,89,0.27
0.5,xy_pf,90,0.06
0.5,xy_pf,91,0.0
0.5,xy_pf,92,0.16
0.5,xy_pf,93,0.11
0.5,xy_pf,94,0.15
0.5,xy_pf,95,0.02
0.5,xy_pf,96,0.33
0.5,xy_pf,97,0.15
0.5,xy_pf,98,0.06
0.5,xy_pf,99,0.02
0.7,x_pf,0,0.42
0.7,x_pf,1,0.25
0.7,x_pf,2,0.38
0.7,x_pf,3,0.02
0.7,x_pf,4,0.41
0.7,x_pf,5,0.36
0.7,x_pf,6,0.13
0.7,x_pf,7,0.57
0.7,x_pf,8,0.39
0.7,x_pf,9,0.4
0.7,x_pf,10,0.58
0.7,x_pf,11,0.18
0.7,x_pf,12,0.29
0.7,x_pf,13,0.2
0.7,x_pf,14,0.09
0.7,x_pf,15,0.0
0.7,x_pf,16,0.14
0.7,x_pf,17,0.19
0.7,x_pf,18,0.35
0.7,x_pf,19,0.36
0.7,x_pf,20,0.65
0.7,x_pf,21,0.05
0.7,x_pf,22,0.1
0.7,x_pf,23,0.0
0.7,x_pf,24,0.01
0.7,x_pf,25,0.49
0.7,x_pf,26,0.21
0.7,x_pf,27,0.1
0.7,x_pf,28,0.15
0.7,x_pf,29,0.13
0.7,x_pf,30,0.04
0.7,x_pf,31,0.25
0.7,x_pf,32,0.47
0.7,x_pf,33,0.36
0.7,x_pf,34,0.11
0.7,x_pf,35,0.44
0.7,x_pf,36,0.34
0.7,x_pf,37,0.15
0.7,x_pf,38,0.02
0.7,x_pf,39,0.37
0.7,x_pf,40,0.54
0.7,x_pf,41,0.22
0.7,x_pf,42,0.11
0.7,x_pf,43,0.2
0.7,x_pf,44,0.03
0.7,x_pf,45,0.41
0.7,x_pf,46,0.1
0.7,x_pf,47,0.2
0.7,x_pf,48,0.37
0.7,x_pf,49,0.36
0.7,x_pf,50,0.25
0.7,x_pf,51,0.92
0.7,x_pf,52,0.19
0.7,x_pf,53,0.07
0.7,x_pf,54,0.13
0.7,x_pf,55,0.01
0.7,x_pf,56,0.25
0.7,x_pf,57,0.23
0.7,x_pf,58,0.46
0.7,x_pf,59,0.11
0.7,x_pf,60,0.06
0.7,x_pf,61,0.0
0.7,x_pf,62,0.19
0.7,x_pf,63,0.38
0.7,x_pf,64,0.37
0.7,x_pf,65,0.18
0.7,x_pf,66,0.13
0.7,x_pf,67,0.47
0.7,x_pf,68,0.59
0.7,x_pf,69,0.16
0.7,x_pf,70,0.15
0.7,x_pf,71,0.4
0.7,x_pf,72,0.17
0.7,x_pf,73,0.07
0.7,x_pf,74,0.0
0.7,x_pf,75,0.41
0.7,x_pf,76,0.01
0.7,x_pf,77,0.46
0.7,x_pf,78,0.19
0.7,x_pf,79,0.03
0.7,x_pf,80,0.29
0.7,x_pf,81,0.02
0.7,x_pf,82,0.31
0.7,x_pf,83,0.19
0.7,x_pf,84,0.0
0.7,x_pf,85,0.51
0.7,x_pf,86,0.11
0.7,x_pf,87,0.17
0.7,x_pf,88,0.12
0.7,x_pf,89,0.39
0.7,x_pf,90,0.63
0.7,x_pf,91,0.47
0.7,x_pf,92,0.32
0.7,x_pf,93,0.16
0.7,x_pf,94,0.5
0.7,x_pf,95,0.02
0.7,x_pf,96,0.0
0.7,x_pf,97,0.26
0.7,x_pf,98,0.37
0.7,x_pf,99,0.3
0.7,oracle_x,0,0.23
0.7,oracle_x,1,0.02
0.7,oracle_x,2,0.4
0.7,oracle_x,3,0.61
0.7,oracle_x,4,0.32
0.7,oracle_x,5,0.44
0.7,oracle_x,6,0.01
0.7,oracle_x,7,0.37
0.7,oracle_x,8,0.14
0.7,oracle_x,9,0.04
0.7,oracle_x,10,0.29
0.7,oracle_x,11,0.19
0.7,oracle_x,12,0.01
0.7,oracle_x,13,0.08
0.7,oracle_x,14,0.16
0.7,oracle_x,15,0.48
0.7,oracle_x,16,0.18
0.7,oracle_x,17,0.32
0.7,oracle_x,18,0.11
0.7,oracle_x,19,0.0
0.7,oracle_x,20,0.8
0.7,oracle_x,21,0.27
0.7,oracle_x,22,0.49
0.7,oracle_x,23,0.11
0.7,oracle_x,24,0.17
0.7,oracle_x,25,0.27
0.7,oracle_x,26,0.14
0.7,oracle_x,27,0.15
0.7,oracle_x,28,0.23
0.7,oracle_x,29,0.22
0.7,oracle_x,30,0.11
0.7,oracle_x,31,0.29
0.7,oracle_x,32,0.14
0.7,oracle_x,33,0.39
0.7,oracle_x,34,0.42
0.7,oracle_x,35,0.5
0.7,oracle_x,36,0.14
0.7,oracle_x,37,0.36
0.7,oracle_x,38,0.29
0.7,oracle_x,39,0.32
0.7,oracle_x,40,0.54
0.7,oracle_x,41,0.0
0.7,oracle_x,42,0.13
0.7,oracle_x,43,0.27
0.7,oracle_x,44,0.76
0.7,oracle_x,45,0.61
0.7,oracle_x,46,0.17
0.7,oracle_x,47,0.36
0.7,oracle_x,48,0.22
0.7,oracle_x,49,0.38
0.7,oracle_x,50,0.0
0.7,oracle_x,51,0.63
0.7,oracle_x,52,0.06
0.7,oracle_x,53,0.31
0.7,oracle_x,54,0.28
0.7,oracle_x,55,0.36
0.7,oracle_x,56,0.29
0.7,oracle_x,57,0.28
0.7,oracle_x,58,0.7
0.7,oracle_x,59,0.05
0.7,oracle_x,60,0.42
0.7,oracle_x,61,0.25
0.7,oracle_x,62,0.21
0.7,oracle_x,63,0.1
0.7,oracle_x,64,0.08
0.7,oracle_x,65,0.05
0.7,oracle_x,66,0.25
0.7,oracle_x,67,0.08
0.7,oracle_x,68,0.03
0.7,oracle_x,69,0.04
0.7,oracle_x,70,0.1
0.7,oracle_x,71,0.45
0.7,oracle_x,72,0.24
0.7,oracle_x,73,0.01
0.7,oracle_x,74,0.34
0.7,oracle_x,75,0.02
0.7,oracle_x,76,0.2
0.7,oracle_x,77,0.05
0.7,oracle_x,78,0.09
0.7,oracle_x,79,0.53
0.7,oracle_x,80,0.15
0.7,oracle_x,81,0.32
0.7,oracle_x,82,0.67
0.7,oracle_x,83,0.22
0.7,oracle_x,84,0.0
0.7,oracle_x,85,0.55
0.7,oracle_x,86,0.12
0.7,oracle_x,87,0.07
0.7,oracle_x,88,0.58
0.7,oracle_x,89,0.16
0.7,oracle_x,90,0.14
0.7,oracle_x,91,0.38
0.7,oracle_x,92,0.03
0.7,oracle_x,93,0.02
0.7,oracle_x,94,0.0
0.7,oracle_x,95,0.2
0.7,oracle_x,96,0.63
0.7,oracle_x,97,0.25
0.7,oracle_x,98,0.43
0.7,oracle_x,99,0.07
0.7,xy_snapshot,0,0.28
0.7,xy_snapshot,1,0.23
0.7,xy_snapshot,2,0.2
0.7,xy_snapshot,3,0.26
0.7,xy_snapshot,4,0.17
0.7,xy_snapshot,5,0.17
0.7,xy_snapshot,6,0.27
0.7,xy_snapshot,7,0.2
0.7,xy_snapshot,8,0.11
0.7,xy_snapshot,9,0.11
0.7,xy_snapshot,10,0.11
0.7,xy_snapshot,11,0.16
0.7,xy_snapshot,12,0.17
0.7,xy_snapshot,13,0.12
0.7,xy_snapshot,14,0.2
0.7,xy_snapshot,15,0.13
0.7,xy_snapshot,16,0.13
0.7,xy_snapshot,17,0.21
0.7,xy_snapshot,18,0.12
0.7,xy_snapshot,19,0.19
0.7,xy_snapshot,20,0.27
0.7,xy_snapshot,21,0.14
0.7,xy_snapshot,22,0.15
0.7,xy_snapshot,23,0.22
0.7,xy_snapshot,24,0.21
0.7,xy_snapshot,25,0.18
0.7,xy_snapshot,26,0.16
0.7,xy_snapshot,27,0.13
0.7,xy_snapshot,28,0.22
0.7,xy_snapshot,29,0.09
0.7,xy_snapshot,30,0.23
0.7,xy_snapshot,31,0.24
0.7,xy_snapshot,32,0.13
0.7,xy_snapshot,33,0.09
0.7,xy_snapshot,34,0.23
0.7,xy_snapshot,35,0.22
0.7,xy_snapshot,36,0.32
0.7,xy_snapshot,37,0.28
0.7,xy_snapshot,38,0.13
0.7,xy_snapshot,39,0.2
0.7,xy_snapshot,40,0.13
0.7,xy_snapshot,41,0.19
0.7,xy_snapshot,42,0.25
0.7,xy_snapshot,43,0.2
0.7,xy_snapshot,44,0.23
0.7,xy_snapshot,45,0.15
0.7,xy_snapshot,46,0.22
0.7,xy_snapshot,47,0.27
0.7,xy_snapshot,48,0.17
0.7,xy_snapshot,49,0.14
0.7,xy_snapshot,50,0.15
0.7,xy_snapshot,51,0.17
0.7,xy_snapshot,52,0.22
0.7,xy_snapshot,53,0.27
0.7,xy_snapshot,54,0.14
0.7,xy_snapshot,55,0.02
0.7,xy_snapshot,56,0.16
0.7,xy_snapshot,57,0.1
0.7,xy_snapshot,58,0.08
0.7,xy_snapshot,59,0.22
0.7,xy_snapshot,60,0.13
0.7,xy_snapshot,61,0.24
0.7,xy_snapshot,62,0.21
0.7,xy_snapshot,63,0.25
0.7,xy_snapshot,64,0.22
0.7,xy_snapshot,65,0.17
0.7,xy_snapshot,66,0.14
0.7,xy_snapshot,67,0.3
0.7,xy_snapshot,68,0.05
0.7,xy_snapshot,69,0.11
0.7,xy_snapshot,70,0.28
0.7,xy_snapshot,71,0.14
0.7,xy_snapshot,72,0.1
0.7,xy_snapshot,73,0.15
0.7,xy_snapshot,74,0.33
0.7,xy_snapshot,75,0.25
0.7,xy_snapshot,76,0.3
0.7,xy_snapshot,77,0.12
0.7,xy_snapshot,78,0.24
0.7,xy_snapshot,79,0.22
0.7,xy_snapshot,80,0.22
0.7,xy_snapshot,81,0.13
0.7,xy_snapshot,82,0.21
0.7,xy_snapshot,83,0.27
0.7,xy_snapshot,84,0.19
0.7,xy_snapshot,85,0.18
0.7,xy_snapshot,86,0.1
0.7,xy_snapshot,87,0.12
0.7,xy_snapshot,88,0.37
0.7,xy_snapshot,89,0.22
0.7,xy_snapshot,90,0.13
0.7,xy_snapshot,91,0.27
0.7,xy_snapshot,92,0.3
0.7,xy_snapshot,93,0.12
0.7,xy_snapshot,94,0.3
0.7,xy_snapshot,95,0.23
0.7,xy_snapshot,96,0.14
0.7,xy_snapshot,97,0.23
0.7,xy_snapshot,98,0.26
0.7,xy_snapshot,99,0.1
0.7,xy_pf,0,0.1
0.7,xy_pf,1,0.08
0.7,xy_pf,2,0.13
0.7,xy_pf,3,0.18
0.7,xy_pf,4,0.07
0.7,xy_pf,5,0.18
0.7,xy_pf,6,0.0
0.7,xy_pf,7,0.08
0.7,xy_pf,8,0.09
0.7,xy_pf,9,0.12
0.7,xy_pf,10,0.17
0.7,xy_pf,11,0.14
0.7,xy_pf,12,0.15
0.7,xy_pf,13,0.01
0.7,xy_pf,14,0.0
0.7,xy_pf,15,0.1
0.7,xy_pf,16,0.08
0.7,xy_pf,17,0.08
0.7,xy_pf,18,0.06
0.7,xy_pf,19,0.07
0.7,xy_pf,20,0.06
0.7,xy_pf,21,0.03
0.7,xy_pf,22,0.22
0.7,xy_pf,23,0.11
0.7,xy_pf,24,0.1
0.7,xy_pf,25,0.07
0.7,xy_pf,26,0.31
0.7,xy_pf,27,0.07
0.7,xy_pf,28,0.0
0.7,xy_pf,29,0.02
0.7,xy_pf,30,0.23
0.7,xy_pf,31,0.0
0.7,xy_pf,32,0.07
0.7,xy_pf,33,0.17
0.7,xy_pf,34,0.2
0.7,xy_pf,35,0.24
0.7,xy_pf,36,0.01
0.7,xy_pf,37,0.07
0.7,xy_pf,38,0.08
0.7,xy_pf,39,0.02
0.7,xy_pf,40,0.15
0.7,xy_pf,41,0.09
0.7,xy_pf,42,0.17
0.7,xy_pf,43,0.13
0.7,xy_pf,44,0.14
0.7,xy_pf,45,0.19
0.7,xy_pf,46,0.17
0.7,xy_pf,47,0.14
0.7,xy_pf,48,0.04
0.7,xy_pf,49,0.07
0.7,xy_pf,50,0.17
0.7,xy_pf,51,0.0
0.7,xy_pf,52,0.13
0.7,xy_pf,53,0.15
0.7,xy_pf,54,0.08
0.7,xy_pf,55,0.01
0.7,xy_pf,56,0.26
0.7,xy_pf,57,0.13
0.7,xy_pf,58,0.07
0.7,xy_pf,59,0.11
0.7,xy_pf,60,0.17
0.7,xy_pf,61,0.01
0.7,xy_pf,62,0.19
0.7,xy_pf,63,0.0
0.7,xy_pf,64,0.11
0.7,xy_pf,65,0.07
0.7,xy_pf,66,0.08
0.7,xy_pf,67,0.16
0.7,xy_pf,68,0.07
0.7,xy_pf,69,0.04
0.7,xy_pf,70,0.05
0.7,xy_pf,71,0.09
0.7,xy_pf,72,0.08
0.7,xy_pf,73,0.18
0.7,xy_pf,74,0.0
0.7,xy_pf,75,0.08
0.7,xy_pf,76,0.15
0.7,xy_pf,77,0.12
0.7,xy_pf,78,0.02
0.7,xy_pf,79,0.16
0.7,xy_pf,80,0.09
0.7,xy_pf,81,0.09
0.7,xy_pf,82,0.23
0.7,xy_pf,83,0.14
0.7,xy_pf,84,0.03
0.7,xy_pf,85,0.03
0.7,xy_pf,86,0.19
0.7,xy_pf,87,0.07
0.7,xy_pf,88,0.06
0.7,xy_pf,89,0.15
0.7,xy_pf,90,0.18
0.7,xy_pf,91,0.06
0.7,xy_pf,92,0.05
0.7,xy_pf,93,0.0
0.7,xy_pf,94,0.11
0.7,xy_pf,95,0.28
0.7,xy_pf,96,0.08
0.7,xy_pf,97,0.02
0.7,xy_pf,98,0.01
0.7,xy_pf,99,0.04
1.0,x_pf,0,0.03
1.0,x_pf,1,0.26
1.0,x_pf,2,0.11
1.0,x_pf,3,0.1
1.0,x_pf,4,0.0
1.0,x_pf,5,0.33
1.0,x_pf,6,0.12
1.0,x_pf,7,0.12
1.0,x_pf,8,0.23
1.0,x_pf,9,0.28
1.0,x_pf,10,0.38
1.0,x_pf,11,0.16
1.0,x_pf,12,0.01
1.0,x_pf,13,0.08
1.0,x_pf,14,0.05
1.0,x_pf,15,0.06
1.0,x_pf,16,0.01
1.0,x_pf,17,0.1
1.0,x_pf,18,0.0
1.0,x_pf,19,0.0
1.0,x_pf,20,0.22
1.0,x_pf,21,0.33
1.0,x_pf,22,0.17
1.0,x_pf,23,0.07
1.0,x_pf,24,0.0
1.0,x_pf,25,0.0
1.0,x_pf,26,0.04
1.0,x_pf,27,0.42
1.0,x_pf,28,0.0
1.0,x_pf,29,0.02
1.0,x_pf,30,0.03
1.0,x_pf,31,0.01
1.0,x_pf,32,0.0
1.0,x_pf,33,0.02
1.0,x_pf,34,0.6
1.0,x_pf,35,0.49
1.0,x_pf,36,0.0
1.0,x_pf,37,0.05
1.0,x_pf,38,0.0
1.0,x_pf,39,0.05
1.0,x_pf,40,0.0
1.0,x_pf,41,0.06
1.0,x_pf,42,0.07
1.0,x_pf,43,0.35
1.0,x_pf,44,0.19
1.0,x_pf,45,0.11
1.0,x_pf,46,0.05
1.0,x_pf,47,0.01
1.0,x_pf,48,0.14
1.0,x_pf,49,0.0
1.0,x_pf,50,0.1
1.0,x_pf,51,0.01
1.0,x_pf,52,0.05
1.0,x_pf,53,0.21
1.0,x_pf,54,0.15
1.0,x_pf,55,0.05
1.0,x_pf,56,0.02
1.0,x_pf,57,0.14
1.0,x_pf,58,0.06
1.0,x_pf,59,0.0
1.0,x_pf,60,0.13
1.0,x_pf,61,0.06
1.0,x_pf,62,0.11
1.0,x_pf,63,0.0
1.0,x_pf,64,0.41
1.0,x_pf,65,0.0
1.0,x_pf,66,0.18
1.0,x_pf,67,0.51
1.0,x_pf,68,0.63
1.0,x_pf,69,0.0
1.0,x_pf,70,0.03
1.0,x_pf,71,0.2
1.0,x_pf,72,0.18
1.0,x_pf,73,0.0
1.0,x_pf,74,0.09
1.0,x_pf,75,0.3
1.0,x_pf,76,0.3
1.0,x_pf,77,0.14
1.0,x_pf,78,0.23
1.0,x_pf,79,0.06
1.0,x_pf,80,0.04
1.0,x_pf,81,0.04
1.0,x_pf,82,0.0
1.0,x_pf,83,0.0
1.0,x_pf,84,0.23
1.0,x_pf,85,0.11
1.0,x_pf,86,0.24
1.0,x_pf,87,0.13
1.0,x_pf,88,0.23
1.0,x_pf,89,0.0
1.0,x_pf,90,0.1
1.0,x_pf,91,0.23
1.0,x_pf,92,0.22
1.0,x_pf,93,0.16
1.0,x_pf,94,0.0
1.0,x_pf,95,0.37
1.0,x_pf,96,0.17
1.0,x_pf,97,0.0
1.0,x_pf,98,0.11
1.0,x_pf,99,0.4
1.0,oracle_x,0,0.24
1.0,oracle_x,1,0.07
1.0,oracle_x,2,0.01
1.0,oracle_x,3,0.38
1.0,oracle_x,4,0.33
1.0,oracle_x,5,0.31
1.0,oracle_x,6,0.36
1.0,oracle_x,7,0.09
1.0,oracle_x,8,0.15
1.0,oracle_x,9,0.28
1.0,oracle_x,10,0.15
1.0,oracle_x,11,0.33
1.0,oracle_x,12,0.11
1.0,oracle_x,13,0.04
1.0,oracle_x,14,0.12
1.0,oracle_x,15,0.14
1.0,oracle_x,16,0.12
1.0,oracle_x,17,0.0
1.0,oracle_x,18,0.06
1.0,oracle_x,19,0.2
1.0,oracle_x,20,0.1
1.0,oracle_x,21,0.25
1.0,oracle_x,22,0.17
1.0,oracle_x,23,0.0
1.0,oracle_x,24,0.0
1.0,oracle_x,25,0.05
1.0,oracle_x,26,0.0
1.0,oracle_x,27,0.17
1.0,oracle_x,28,0.0
1.0,oracle_x,29,0.13
1.0,oracle_x,30,0.02
1.0,oracle_x,31,0.26
1.0,oracle_x,32,0.33
1.0,oracle_x,33,0.02
1.0,oracle_x,34,0.39
1.0,oracle_x,35,0.24
1.0,oracle_x,36,0.1
1.0,oracle_x,37,0.47
1.0,oracle_x,38,0.0
1.0,oracle_x,39,0.01
1.0,oracle_x,40,0.39
1.0,oracle_x,41,0.2
1.0,oracle_x,42,0.23
1.0,oracle_x,43,0.12
1.0,oracle_x,44,0.0
1.0,oracle_x,45,0.39
1.0,oracle_x,46,0.14
1.0,oracle_x,47,0.12
1.0,oracle_x,48,0.06
1.0,oracle_x,49,0.04
1.0,oracle_x,50,0.02
1.0,oracle_x,51,0.0
1.0,oracle_x,52,0.1
1.0,oracle_x,53,0.16
1.0,oracle_x,54,0.17
1.0,oracle_x,55,0.08
1.0,oracle_x,56,0.15
1.0,oracle_x,57,0.38
1.0,oracle_x,58,0.26
1.0,oracle_x,59,0.25
1.0,oracle_x,60,0.1
1.0,oracle_x,61,0.14
1.0,oracle_x,62,0.0
1.0,oracle_x,63,0.05
1.0,oracle_x,64,0.31
1.0,oracle_x,65,0.08
1.0,oracle_x,66,0.04
1.0,oracle_x,67,0.3
1.0,oracle_x,68,0.09
1.0,oracle_x,69,0.01
1.0,oracle_x,70,0.0
1.0,oracle_x,71,0.47
1.0,oracle_x,72,0.05
1.0,oracle_x,73,0.46
1.0,oracle_x,74,0.01
1.0,oracle_x,75,0.44
1.0,oracle_x,76,0.35
1.0,oracle_x,77,0.12
1.0,oracle_x,78,0.15
1.0,oracle_x,79,0.0
1.0,oracle_x,80,0.0
1.0,oracle_x,81,0.5
1.0,oracle_x,82,0.17
1.0,oracle_x,83,0.26
1.0,oracle_x,84,0.19
1.0,oracle_x,85,0.0
1.0,oracle_x,86,0.11
1.0,oracle_x,87,0.0
1.0,oracle_x,88,0.13
1.0,oracle_x,89,0.0
1.0,oracle_x,90,0.17
1.0,oracle_x,91,0.13
1.0,oracle_x,92,0.01
1.0,oracle_x,93,0.14
1.0,oracle_x,94,0.06
1.0,oracle_x,95,0.34
1.0,oracle_x,96,0.11
1.0,oracle_x,97,0.32
1.0,oracle_x,98,0.03
1.0,oracle_x,99,0.08
1.0,xy_snapshot,0,0.21
1.0,xy_snapshot,1,0.08
1.0,xy_snapshot,2,0.06
1.0,xy_snapshot,3,0.31
1.0,xy_snapshot,4,0.17
1.0,xy_snapshot,5,0.18
1.0,xy_snapshot,6,0.05
1.0,xy_snapshot,7,0.32
1.0,xy_snapshot,8,0.23
1.0,xy_snapshot,9,0.09
1.0,xy_snapshot,10,0.19
1.0,xy_snapshot,11,0.21
1.0,xy_snapshot,12,0.23
1.0,xy_snapshot,13,0.27
1.0,xy_snapshot,14,0.11
1.0,xy_snapshot,15,0.11
1.0,xy_snapshot,16,0.15
1.0,xy_snapshot,17,0.22
1.0,xy_snapshot,18,0.26
1.0,xy_snapshot,19,0.07
1.0,xy_snapshot,20,0.15
1.0,xy_snapshot,21,0.14
1.0,xy_snapshot,22,0.2
1.0,xy_snapshot,23,0.15
1.0,xy_snapshot,24,0.21
1.0,xy_snapshot,25,0.19
1.0,xy_snapshot,26,0.08
1.0,xy_snapshot,27,0.27
1.0,xy_snapshot,28,0.07
1.0,xy_snapshot,29,0.11
1.0,xy_snapshot,30,0.15
1.0,xy_snapshot,31,0.13
1.0,xy_snapshot,32,0.17
1.0,xy_snapshot,33,0.13
1.0,xy_snapshot,34,0.15
1.0,xy_snapshot,35,0.3
1.0,xy_snapshot,36,0.22
1.0,xy_snapshot,37,0.21
1.0,xy_snapshot,38,0.19
1.0,xy_snapshot,39,0.09
1.0,xy_snapshot,40,0.07
1.0,xy_snapshot,41,0.15
1.0,xy_snapshot,42,0.16
1.0,xy_snapshot,43,0.13
1.0,xy_snapshot,44,0.18
1.0,xy_snapshot,45,0.16
1.0,xy_snapshot,46,0.18
1.0,xy_snapshot,47,0.11
1.0,xy_snapshot,48,0.1
1.0,xy_snapshot,49,0.21
1.0,xy_snapshot,50,0.31
1.0,xy_snapshot,51,0.28
1.0,xy_snapshot,52,0.11
1.0,xy_snapshot,53,0.19
1.0,xy_snapshot,54,0.08
1.0,xy_snapshot,55,0.29
1.0,xy_snapshot,56,0.02
1.0,xy_snapshot,57,0.12
1.0,xy_snapshot,58,0.03
1.0,xy_snapshot,59,0.2
1.0,xy_snapshot,60,0.03
1.0,xy_snapshot,61,0.19
1.0,xy_snapshot,62,0.04
1.0,xy_snapshot,63,0.13
1.0,xy_snapshot,64,0.12
1.0,xy_snapshot,65,0.17
1.0,xy_snapshot,66,0.27
1.0,xy_snapshot,67,0.14
1.0,xy_snapshot,68,0.12
1.0,xy_snapshot,69,0.15
1.0,xy_snapshot,70,0.24
1.0,xy_snapshot,71,0.1
1.0,xy_snapshot,72,0.12
1.0,xy_snapshot,73,0.28
1.0,xy_snapshot,74,0.14
1.0,xy_snapshot,75,0.11
1.0,xy_snapshot,76,0.23
1.0,xy_snapshot,77,0.1
1.0,xy_snapshot,78,0.13
1.0,xy_snapshot,79,0.15
1.0,xy_snapshot,80,0.27
1.0,xy_snapshot,81,0.09
1.0,xy_snapshot,82,0.18
1.0,xy_snapshot,83,0.12
1.0,xy_snapshot,84,0.15
1.0,xy_snapshot,85,0.15
1.0,xy_snapshot,86,0.14
1.0,xy_snapshot,87,0.13
1.0,xy_snapshot,88,0.1
1.0,xy_snapshot,89,0.24
1.0,xy_snapshot,90,0.18
1.0,xy_snapshot,91,0.22
1.0,xy_snapshot,92,0.02
1.0,xy_snapshot,93,0.15
1.0,xy_snapshot,94,0.08
1.0,xy_snapshot,95,0.18
1.0,xy_snapshot,96,0.05
1.0,xy_snapshot,97,0.04
1.0,xy_snapshot,98,0.1
1.0,xy_snapshot,99,0.32
1.0,xy_pf,0,0.11
1.0,xy_pf,1,0.13
1.0,xy_pf,2,0.05
1.0,xy_pf,3,0.0
1.0,xy_pf,4,0.01
1.0,xy_pf,5,0.11
1.0,xy_pf,6,0.12
1.0,xy_pf,7,0.08
1.0,xy_pf,8,0.08
1.0,xy_pf,9,0.12
1.0,xy_pf,10,0.12
1.0,xy_pf,11,0.07
1.0,xy_pf,12,0.19
1.0,xy_pf,13,0.16
1.0,xy_pf,14,0.15
1.0,xy_pf,15,0.07
1.0,xy_pf,16,0.05
1.0,xy_pf,17,0.0
1.0,xy_pf,18,0.05
1.0,xy_pf,19,0.13
1.0,xy_pf,20,0.12
1.0,xy_pf,21,0.0
1.0,xy_pf,22,0.09
1.0,xy_pf,23,0.14
1.0,xy_pf,24,0.1
1.0,xy_pf,25,0.09
1.0,xy_pf,26,0.17
1.0,xy_pf,27,0.05
1.0,xy_pf,28,0.14
1.0,xy_pf,29,0.06
1.0,xy_pf,30,0.06
1.0,xy_pf,31,0.19
1.0,xy_pf,32,0.11
1.0,xy_pf,33,0.09
1.0,xy_pf,34,0.08
1.0,xy_pf,35,0.17
1.0,xy_pf,36,0.05
1.0,xy_pf,37,0.15
1.0,xy_pf,38,0.12
1.0,xy_pf,39,0.01
1.0,xy_pf,40,0.1
1.0,xy_pf,41,0.11
1.0,xy_pf,42,0.11
1.0,xy_pf,43,0.0
1.0,xy_pf,44,0.1
1.0,xy_pf,45,0.08
1.0,xy_pf,46,0.07
1.0,xy_pf,47,0.08
1.0,xy_pf,48,0.07
1.0,xy_pf,49,0.0
1.0,xy_pf,50,0.0
1.0,xy_pf,51,0.0
1.0,xy_pf,52,0.11
1.0,xy_pf,53,0.1
1.0,xy_pf,54,0.0
1.0,xy_pf,55,0.27
1.0,xy_pf,56,0.0
1.0,xy_pf,57,0.03
1.0,xy_pf,58,0.08
1.0,xy_pf,59,0.12
1.0,xy_pf,60,0.2
1.0,xy_pf,61,0.01
1.0,xy_pf,62,0.03
1.0,xy_pf,63,0.03
1.0,xy_pf,64,0.23
1.0,xy_pf,65,0.0
1.0,xy_pf,66,0.03
1.0,xy_pf,67,0.03
1.0,xy_pf,68,0.2
1.0,xy_pf,69,0.19
1.0,xy_pf,70,0.0
1.0,xy_pf,71,0.24
1.0,xy_pf,72,0.0
1.0,xy_pf,73,0.14
1.0,xy_pf,74,0.04
1.0,xy_pf,75,0.07
1.0,xy_pf,76,0.01
1.0,xy_pf,77,0.11
1.0,xy_pf,78,0.19
1.0,xy_pf,79,0.11
1.0,xy_pf,80,0.1
1.0,xy_pf,81,0.06
1.0,xy_pf,82,0.0
1.0,xy_pf,83,0.08
1.0,xy_pf,84,0.08
1.0,xy_pf,85,0.14
1.0,xy_pf,86,0.0
1.0,xy_pf,87,0.11
1.0,xy_pf,88,0.03
1.0,xy_pf,89,0.03
1.0,xy_pf,90,0.03
1.0,xy_pf,91,0.07
1.0,xy_pf,92,0.01
1.0,xy_pf,93,0.07
1.0,xy_pf,94,0.08
1.0,xy_pf,95,0.0
1.0,xy_pf,96,0.22
1.0,xy_pf,97,0.0
1.0,xy_pf,98,0.15
1.0,xy_pf,99,0.06
1.5,x_pf,0,0.04
1.5,x_pf,1,0.0
1.5,x_pf,2,0.0
1.5,x_pf,3,0.02
1.5,x_pf,4,0.0
1.5,x_pf,5,0.0
1.5,x_pf,6,0.01
1.5,x_pf,7,0.09
1.5,x_pf,8,0.01
1.5,x_pf,9,0.0
1.5,x_pf,10,0.01
1.5,x_pf,11,0.02
1.5,x_pf,12,0.04
1.5,x_pf,13,0.06
1.5,x_pf,14,0.09
1.5,x_pf,15,0.33
1.5,x_pf,16,0.14
1.5,x_pf,17,0.01
1.5,x_pf,18,0.02
1.5,x_pf,19,0.0
1.5,x_pf,20,0.08
1.5,x_pf,21,0.17
1.5,x_pf,22,0.0
1.5,x_pf,23,0.0
1.5,x_pf,24,0.51
1.5,x_pf,25,0.07
1.5,x_pf,26,0.03
1.5,x_pf,27,0.02
1.5,x_pf,28,0.04
1.5,x_pf,29,0.13
1.5,x_pf,30,0.0
1.5,x_pf,31,0.0
1.5,x_pf,32,0.16
1.5,x_pf,33,0.0
1.5,x_pf,34,0.56
1.5,x_pf,35,0.01
1.5,x_pf,36,0.13
1.5,x_pf,37,0.0
1.5,x_pf,38,0.0
1.5,x_pf,39,0.08
1.5,x_pf,40,0.05
1.5,x_pf,41,0.0
1.5,x_pf,42,0.0
1.5,x_pf,43,0.18
1.5,x_pf,44,0.0
1.5,x_pf,45,0.04
1.5,x_pf,46,0.0
1.5,x_pf,47,0.03
1.5,x_pf,48,0.05
1.5,x_pf,49,0.01
1.5,x_pf,50,0.08
1.5,x_pf,51,0.23
1.5,x_pf,52,0.19
1.5,x_pf,53,0.34
1.5,x_pf,54,0.19
1.5,x_pf,55,0.0
1.5,x_pf,56,0.02
1.5,x_pf,57,0.0
1.5,x_pf,58,0.09
1.5,x_pf,59,0.01
1.5,x_pf,60,0.0
1.5,x_pf,61,0.0
1.5,x_pf,62,0.0
1.5,x_pf,63,0.22
1.5,x_pf,64,0.0
1.5,x_pf,65,0.0
1.5,x_pf,66,0.0
1.5,x_pf,67,0.0
1.5,x_pf,68,0.31
1.5,x_pf,69,0.02
1.5,x_pf,70,0.0
1.5,x_pf,71,0.04
1.5,x_pf,72,0.03
1.5,x_pf,73,0.0
1.5,x_pf,74,0.02
1.5,x_pf,75,0.1
1.5,x_pf,76,0.0
1.5,x_pf,77,0.0
1.5,x_pf,78,0.09
1.5,x_pf,79,0.0
1.5,x_pf,80,0.0
1.5,x_pf,81,0.03
1.5,x_pf,82,0.0
1.5,x_pf,83,0.27
1.5,x_pf,84,0.0
1.5,x_pf,85,0.14
1.5,x_pf,86,0.0
1.5,x_pf,87,0.0
1.5,x_pf,88,0.13
1.5,x_pf,89,0.0
1.5,x_pf,90,0.01
1.5,x_pf,91,0.11
1.5,x_pf,92,0.09
1.5,x_pf,93,0.06
1.5,x_pf,94,0.0
1.5,x_pf,95,0.06
1.5,x_pf,96,0.03
1.5,x_pf,97,0.0
1.5,x_pf,98,0.0
1.5,x_pf,99,0.0
1.5,oracle_x,0,0.0
1.5,oracle_x,1,0.0
1.5,oracle_x,2,0.02
1.5,oracle_x,3,0.22
1.5,oracle_x,4,0.01
1.5,oracle_x,5,0.0
1.5,oracle_x,6,0.23
1.5,oracle_x,7,0.08
1.5,oracle_x,8,0.0
1.5,oracle_x,9,0.01
1.5,oracle_x,10,0.0
1.5,oracle_x,11,0.19
1.5,oracle_x,12,0.09
1.5,oracle_x,13,0.08
1.5,oracle_x,14,0.26
1.5,oracle_x,15,0.03
1.5,oracle_x,16,0.0
1.5,oracle_x,17,0.0
1.5,oracle_x,18,0.01
1.5,oracle_x,19,0.18
1.5,oracle_x,20,0.02
1.5,oracle_x,21,0.02
1.5,oracle_x,22,0.0
1.5,oracle_x,23,0.0
1.5,oracle_x,24,0.23
1.5,oracle_x,25,0.04
1.5,oracle_x,26,0.15
1.5,oracle_x,27,0.0
1.5,oracle_x,28,0.02
1.5,oracle_x,29,0.23
1.5,oracle_x,30,0.0
1.5,oracle_x,31,0.0
1.5,oracle_x,32,0.09
1.5,oracle_x,33,0.0
1.5,oracle_x,34,0.31
1.5,oracle_x,35,0.24
1.5,oracle_x,36,0.0
1.5,oracle_x,37,0.01
1.5,oracle_x,38,0.0
1.5,oracle_x,39,0.11
1.5,oracle_x,40,0.15
1.5,oracle_x,41,0.05
1.5,oracle_x,42,0.39
1.5,oracle_x,43,0.0
1.5,oracle_x,44,0.06
1.5,oracle_x,45,0.01
1.5,oracle_x,46,0.0
1.5,oracle_x,47,0.19
1.5,oracle_x,48,0.06
1.5,oracle_x,49,0.0
1.5,oracle_x,50,0.02
1.5,oracle_x,51,0.01
1.5,oracle_x,52,0.03
1.5,oracle_x,53,0.0
1.5,oracle_x,54,0.0
1.5,oracle_x,55,0.06
1.5,oracle_x,56,0.0
1.5,oracle_x,57,0.04
1.5,oracle_x,58,0.0
1.5,oracle_x,59,0.0
1.5,oracle_x,60,0.0
1.5,oracle_x,61,0.0
1.5,oracle_x,62,0.18
1.5,oracle_x,63,0.39
1.5,oracle_x,64,0.01
1.5,oracle_x,65,0.0
1.5,oracle_x,66,0.0
1.5,oracle_x,67,0.08
1.5,oracle_x,68,0.01
1.5,oracle_x,69,0.3
1.5,oracle_x,70,0.09
1.5,oracle_x,71,0.03
1.5,oracle_x,72,0.01
1.5,oracle_x,73,0.01
1.5,oracle_x,74,0.0
1.5,oracle_x,75,0.06
1.5,oracle_x,76,0.19
1.5,oracle_x,77,0.0
1.5,oracle_x,78,0.18
1.5,oracle_x,79,0.18
1.5,oracle_x,80,0.0
1.5,oracle_x,81,0.14
1.5,oracle_x,82,0.03
1.5,oracle_x,83,0.0
1.5,oracle_x,84,0.0
1.5,oracle_x,85,0.0
1.5,oracle_x,86,0.02
1.5,oracle_x,87,0.15
1.5,oracle_x,88,0.0
1.5,oracle_x,89,0.08
1.5,oracle_x,90,0.0
1.5,oracle_x,91,0.02
1.5,oracle_x,92,0.15
1.5,oracle_x,93,0.04
1.5,oracle_x,94,0.0
1.5,oracle_x,95,0.08
1.5,oracle_x,96,0.13
1.5,oracle_x,97,0.0
1.5,oracle_x,98,0.0
1.5,oracle_x,99,0.0
1.5,xy_snapshot,0,0.05
1.5,xy_snapshot,1,0.11
1.5,xy_snapshot,2,0.13
1.5,xy_snapshot,3,0.25
1.5,xy_snapshot,4,0.03
1.5,xy_snapshot,5,0.15
1.5,xy_snapshot,6,0.09
1.5,xy_snapshot,7,0.14
1.5,xy_snapshot,8,0.19
1.5,xy_snapshot,9,0.17
1.5,xy_snapshot,10,0.09
1.5,xy_snapshot,11,0.02
1.5,xy_snapshot,12,0.12
1.5,xy_snapshot,13,0.11
1.5,xy_snapshot,14,0.04
1.5,xy_snapshot,15,0.09
1.5,xy_snapshot,16,0.1
1.5,xy_snapshot,17,0.06
1.5,xy_snapshot,18,0.09
1.5,xy_snapshot,19,0.13
1.5,xy_snapshot,20,0.08
1.5,xy_snapshot,21,0.07
1.5,xy_snapshot,22,0.24
1.5,xy_snapshot,23,0.14
1.5,xy_snapshot,24,0.05
1.5,xy_snapshot,25,0.24
1.5,xy_snapshot,26,0.16
1.5,xy_snapshot,27,0.21
1.5,xy_snapshot,28,0.06
1.5,xy_snapshot,29,0.01
1.5,xy_snapshot,30,0.06
1.5,xy_snapshot,31,0.11
1.5,xy_snapshot,32,0.14
1.5,xy_snapshot,33,0.15
1.5,xy_snapshot,34,0.07
1.5,xy_snapshot,35,0.03
1.5,xy_snapshot,36,0.09
1.5,xy_snapshot,37,0.13
1.5,xy_snapshot,38,0.03
1.5,xy_snapshot,39,0.22
1.5,xy_snapshot,40,0.1
1.5,xy_snapshot,41,0.19
1.5,xy_snapshot,42,0.13
1.5,xy_snapshot,43,0.06
1.5,xy_snapshot,44,0.11
1.5,xy_snapshot,45,0.06
1.5,xy_snapshot,46,0.04
1.5,xy_snapshot,47,0.07
1.5,xy_snapshot,48,0.03
1.5,xy_snapshot,49,0.1
1.5,xy_snapshot,50,0.1
1.5,xy_snapshot,51,0.1
1.5,xy_snapshot,52,0.24
1.5,xy_snapshot,53,0.09
1.5,xy_snapshot,54,0.02
1.5,xy_snapshot,55,0.08
1.5,xy_snapshot,56,0.18
1.5,xy_snapshot,57,0.18
1.5,xy_snapshot,58,0.07
1.5,xy_snapshot,59,0.18
1.5,xy_snapshot,60,0.13
1.5,xy_snapshot,61,0.1
1.5,xy_snapshot,62,0.13
1.5,xy_snapshot,63,0.03
1.5,xy_snapshot,64,0.08
1.5,xy_snapshot,65,0.13
1.5,xy_snapshot,66,0.05
1.5,xy_snapshot,67,0.11
1.5,xy_snapshot,68,0.21
1.5,xy_snapshot,69,0.12
1.5,xy_snapshot,70,0.18
1.5,xy_snapshot,71,0.05
1.5,xy_snapshot,72,0.05
1.5,xy_snapshot,73,0.13
1.5,xy_snapshot,74,0.14
1.5,xy_snapshot,75,0.09
1.5,xy_snapshot,76,0.11
1.5,xy_snapshot,77,0.11
1.5,xy_snapshot,78,0.13
1.5,xy_snapshot,79,0.02
1.5,xy_snapshot,80,0.19
1.5,xy_snapshot,81,0.1
1.5,xy_snapshot,82,0.05
1.5,xy_snapshot,83,0.11
1.5,xy_snapshot,84,0.04
1.5,xy_snapshot,85,0.16
1.5,xy_snapshot,86,0.08
1.5,xy_snapshot,87,0.33
1.5,xy_snapshot,88,0.22
1.5,xy_snapshot,89,0.06
1.5,xy_snapshot,90,0.07
1.5,xy_snapshot,91,0.12
1.5,xy_snapshot,92,0.07
1.5,xy_snapshot,93,0.06
1.5,xy_snapshot,94,0.06
1.5,xy_snapshot,95,0.23
1.5,xy_snapshot,96,0.06
1.5,xy_snapshot,97,0.07
1.5,xy_snapshot,98,0.17
1.5,xy_snapshot,99,0.03
1.5,xy_pf,0,0.21
1.5,xy_pf,1,0.07
1.5,xy_pf,2,0.0
1.5,xy_pf,3,0.05
1.5,xy_pf,4,0.0
1.5,xy_pf,5,0.03
1.5,xy_pf,6,0.05
1.5,xy_pf,7,0.04
1.5,xy_pf,8,0.0
1.5,xy_pf,9,0.01
1.5,xy_pf,10,0.06
1.5,xy_pf,11,0.0
1.5,xy_pf,12,0.0
1.5,xy_pf,13,0.06
1.5,xy_pf,14,0.0
1.5,xy_pf,15,0.0
1.5,xy_pf,16,0.0
1.5,xy_pf,17,0.0
1.5,xy_pf,18,0.0
1.5,xy_pf,19,0.01
1.5,xy_pf,20,0.06
1.5,xy_pf,21,0.02
1.5,xy_pf,22,0.13
1.5,xy_pf,23,0.01
1.5,xy_pf,24,0.03
1.5,xy_pf,25,0.07
1.5,xy_pf,26,0.01
1.5,xy_pf,27,0.0
1.5,xy_pf,28,0.03
1.5,xy_pf,29,0.0
1.5,xy_pf,30,0.0
1.5,xy_pf,31,0.12
1.5,xy_pf,32,0.0
1.5,xy_pf,33,0.03
1.5,xy_pf,34,0.02
1.5,xy_pf,35,0.09
1.5,xy_pf,36,0.08
1.5,xy_pf,37,0.0
1.5,xy_pf,38,0.01
1.5,xy_pf,39,0.0
1.5,xy_pf,40,0.12
1.5,xy_pf,41,0.0
1.5,xy_pf,42,0.07
1.5,xy_pf,43,0.02
1.5,xy_pf,44,0.19
1.5,xy_pf,45,0.0
1.5,xy_pf,46,0.03
1.5,xy_pf,47,0.0
1.5,xy_pf,48,0.04
1.5,xy_pf,49,0.0
1.5,xy_pf,50,0.01
1.5,xy_pf,51,0.03
1.5,xy_pf,52,0.21
1.5,xy_pf,53,0.03
1.5,xy_pf,54,0.0
1.5,xy_pf,55,0.0
1.5,xy_pf,56,0.22
1.5,xy_pf,57,0.07
1.5,xy_pf,58,0.0
1.5,xy_pf,59,0.19
1.5,xy_pf,60,0.04
1.5,xy_pf,61,0.06
1.5,xy_pf,62,0.03
1.5,xy_pf,63,0.06
1.5,xy_pf,64,0.04
1.5,xy_pf,65,0.0
1.5,xy_pf,66,0.12
1.5,xy_pf,67,0.0
1.5,xy_pf,68,0.05
1.5,xy_pf,69,0.05
1.5,xy_pf,70,0.01
1.5,xy_pf,71,0.02
1.5,xy_pf,72,0.0
1.5,xy_pf,73,0.01
1.5,xy_pf,74,0.02
1.5,xy_pf,75,0.01
1.5,xy_pf,76,0.09
1.5,xy_pf,77,0.07
1.5,xy_pf,78,0.07
1.5,xy_pf,79,0.1
1.5,xy_pf,80,0.03
1.5,xy_pf,81,0.0
1.5,xy_pf,82,0.06
1.5,xy_pf,83,0.11
1.5,xy_pf,84,0.0
1.5,xy_pf,85,0.07
1.5,xy_pf,86,0.08
1.5,xy_pf,87,0.05
1.5,xy_pf,88,0.0
1.5,xy_pf,89,0.15
1.5,xy_pf,90,0.02
1.5,xy_pf,91,0.04
1.5,xy_pf,92,0.0
1.5,xy_pf,93,0.19
1.5,xy_pf,94,0.08
1.5,xy_pf,95,0.01
1.5,xy_pf,96,0.03
1.5,xy_pf,97,0.05
1.5,xy_pf,98,0.08
1.5,xy_pf,99,0.0
2.0,x_pf,0,0.0
2.0,x_pf,1,0.0
2.0,x_pf,2,0.0
2.0,x_pf,3,0.2
2.0,x_pf,4,0.0
2.0,x_pf,5,0.0
2.0,x_pf,6,0.14
2.0,x_pf,7,0.11
2.0,x_pf,8,0.07
2.0,x_pf,9,0.0
2.0,x_pf,10,0.05
2.0,x_pf,11,0.01
2.0,x_pf,12,0.17
2.0,x_pf,13,0.0
2.0,x_pf,14,0.14
2.0,x_pf,15,0.0
2.0,x_pf,16,0.0
2.0,x_pf,17,0.07
2.0,x_pf,18,0.0
2.0,x_pf,19,0.0
2.0,x_pf,20,0.0
2.0,x_pf,21,0.0
2.0,x_pf,22,0.05
2.0,x_pf,23,0.11
2.0,x_pf,24,0.07
2.0,x_pf,25,0.08
2.0,x_pf,26,0.0
2.0,x_pf,27,0.0
2.0,x_pf,28,0.0
2.0,x_pf,29,0.0
2.0,x_pf,30,0.0
2.0,x_pf,31,0.0
2.0,x_pf,32,0.0
2.0,x_pf,33,0.14
2.0,x_pf,34,0.0
2.0,x_pf,35,0.0
2.0,x_pf,36,0.0
2.0,x_pf,37,0.0
2.0,x_pf,38,0.0
2.0,x_pf,39,0.0
2.0,x_pf,40,0.0
2.0,x_pf,41,0.0
2.0,x_pf,42,0.0
2.0,x_pf,43,0.0
2.0,x_pf,44,0.0
2.0,x_pf,45,0.0
2.0,x_pf,46,0.09
2.0,x_pf,47,0.0
2.0,x_pf,48,0.0
2.0,x_pf,49,0.0
2.0,x_pf,50,0.01
2.0,x_pf,51,0.02
2.0,x_pf,52,0.0
2.0,x_pf,53,0.0
2.0,x_pf,54,0.0
2.0,x_pf,55,0.0
2.0,x_pf,56,0.09
2.0,x_pf,57,0.03
2.0,x_pf,58,0.21
2.0,x_pf,59,0.0
2.0,x_pf,60,0.08
2.0,x_pf,61,0.01
2.0,x_pf,62,0.0
2.0,x_pf,63,0.0
2.0,x_pf,64,0.0
2.0,x_pf,65,0.0
2.0,x_pf,66,0.0
2.0,x_pf,67,0.09
2.0,x_pf,68,0.0
2.0,x_pf,69,0.0
2.0,x_pf,70,0.0
2.0,x_pf,71,0.0
2.0,x_pf,72,0.0
2.0,x_pf,73,0.0
2.0,x_pf,74,0.0
2.0,x_pf,75,0.07
2.0,x_pf,76,0.06
2.0,x_pf,77,0.09
2.0,x_pf,78,0.0
2.0,x_pf,79,0.07
2.0,x_pf,80,0.09
2.0,x_pf,81,0.0
2.0,x_pf,82,0.01
2.0,x_pf,83,0.0
2.0,x_pf,84,0.01
2.0,x_pf,85,0.0
2.0,x_pf,86,0.0
2.0,x_pf,87,0.13
2.0,x_pf,88,0.0
2.0,x_pf,89,0.0
2.0,x_pf,90,0.0
2.0,x_pf,91,0.0
2.0,x_pf,92,0.12
2.0,x_pf,93,0.01
2.0,x_pf,94,0.02
2.0,x_pf,95,0.0
2.0,x_pf,96,0.04
2.0,x_pf,97,0.0
2.0,x_pf,98,0.0
2.0,x_pf,99,0.16
2.0,oracle_x,0,0.09
2.0,oracle_x,1,0.05
2.0,oracle_x,2,0.0
2.0,oracle_x,3,0.0
2.0,oracle_x,4,0.0
2.0,oracle_x,5,0.0
2.0,oracle_x,6,0.0
2.0,oracle_x,7,0.0
2.0,oracle_x,8,0.0
2.0,oracle_x,9,0.08
2.0,oracle_x,10,0.54
2.0,oracle_x,11,0.08
2.0,oracle_x,12,0.0
2.0,oracle_x,13,0.0
2.0,oracle_x,14,0.0
2.0,oracle_x,15,0.0
2.0,oracle_x,16,0.0
2.0,oracle_x,17,0.0
2.0,oracle_x,18,0.0
2.0,oracle_x,19,0.05
2.0,oracle_x,20,0.0
2.0,oracle_x,21,0.0
2.0,oracle_x,22,0.0
2.0,oracle_x,23,0.03
2.0,oracle_x,24,0.0
2.0,oracle_x,25,0.07
2.0,oracle_x,26,0.0
2.0,oracle_x,27,0.23
2.0,oracle_x,28,0.01
2.0,oracle_x,29,0.0
2.0,oracle_x,30,0.0
2.0,oracle_x,31,0.01
2.0,oracle_x,32,0.0
2.0,oracle_x,33,0.0
2.0,oracle_x,34,0.0
2.0,oracle_x,35,0.07
2.0,oracle_x,36,0.0
2.0,oracle_x,37,0.24
2.0,oracle_x,38,0.0
2.0,oracle_x,39,0.0
2.0,oracle_x,40,0.08
2.0,oracle_x,41,0.07
2.0,oracle_x,42,0.0
2.0,oracle_x,43,0.01
2.0,oracle_x,44,0.0
2.0,oracle_x,45,0.0
2.0,oracle_x,46,0.06
2.0,oracle_x,47,0.04
2.0,oracle_x,48,0.0
2.0,oracle_x,49,0.04
2.0,oracle_x,50,0.0
2.0,oracle_x,51,0.0
2.0,oracle_x,52,0.0
2.0,oracle_x,53,0.14
2.0,oracle_x,54,0.0
2.0,oracle_x,55,0.0
2.0,oracle_x,56,0.0
2.0,oracle_x,57,0.0
2.0,oracle_x,58,0.0
2.0,oracle_x,59,0.0
2.0,oracle_x,60,0.0
2.0,oracle_x,61,0.14
2.0,oracle_x,62,0.0
2.0,oracle_x,63,0.02
2.0,oracle_x,64,0.05
2.0,oracle_x,65,0.0
2.0,oracle_x,66,0.0
2.0,oracle_x,67,0.0
2.0,oracle_x,68,0.21
2.0,oracle_x,69,0.0
2.0,oracle_x,70,0.05
2.0,oracle_x,71,0.0
2.0,oracle_x,72,0.0
2.0,oracle_x,73,0.0
2.0,oracle_x,74,0.0
2.0,oracle_x,75,0.0
2.0,oracle_x,76,0.01
2.0,oracle_x,77,0.0
2.0,oracle_x,78,0.06
2.0,oracle_x,79,0.0
2.0,oracle_x,80,0.09
2.0,oracle_x,81,0.0
2.0,oracle_x,82,0.0
2.0,oracle_x,83,0.0
2.0,oracle_x,84,0.0
2.0,oracle_x,85,0.0
2.0,oracle_x,86,0.0
2.0,oracle_x,87,0.0
2.0,oracle_x,88,0.05
2.0,oracle_x,89,0.01
2.0,oracle_x,90,0.33
2.0,oracle_x,91,0.04
2.0,oracle_x,92,0.0
2.0,oracle_x,93,0.0
2.0,oracle_x,94,0.08
2.0,oracle_x,95,0.0
2.0,oracle_x,96,0.0
2.0,oracle_x,97,0.22
2.0,oracle_x,98,0.0
2.0,oracle_x,99,0.0
2.0,xy_snapshot,0,0.09
2.0,xy_snapshot,1,0.12
2.0,xy_snapshot,2,0.07
2.0,xy_snapshot,3,0.03
2.0,xy_snapshot,4,0.02
2.0,xy_snapshot,5,0.04
2.0,xy_snapshot,6,0.05
2.0,xy_snapshot,7,0.04
2.0,xy_snapshot,8,0.1
2.0,xy_snapshot,9,0.05
2.0,xy_snapshot,10,0.06
2.0,xy_snapshot,11,0.07
2.0,xy_snapshot,12,0.03
2.0,xy_snapshot,13,0.04
2.0,xy_snapshot,14,0.07
2.0,xy_snapshot,15,0.03
2.0,xy_snapshot,16,0.07
2.0,xy_snapshot,17,0.06
2.0,xy_snapshot,18,0.06
2.0,xy_snapshot,19,0.06
2.0,xy_snapshot,20,0.02
2.0,xy_snapshot,21,0.1
2.0,xy_snapshot,22,0.11
2.0,xy_snapshot,23,0.04
2.0,xy_snapshot,24,0.11
2.0,xy_snapshot,25,0.05
2.0,xy_snapshot,26,0.11
2.0,xy_snapshot,27,0.05
2.0,xy_snapshot,28,0.11
2.0,xy_snapshot,29,0.04
2.0,xy_snapshot,30,0.06
2.0,xy_snapshot,31,0.13
2.0,xy_snapshot,32,0.04
2.0,xy_snapshot,33,0.14
2.0,xy_snapshot,34,0.01
2.0,xy_snapshot,35,0.05
2.0,xy_snapshot,36,0.11
2.0,xy_snapshot,37,0.13
2.0,xy_snapshot,38,0.13
2.0,xy_snapshot,39,0.23
2.0,xy_snapshot,40,0.04
2.0,xy_snapshot,41,0.12
2.0,xy_snapshot,42,0.03
2.0,xy_snapshot,43,0.09
2.0,xy_snapshot,44,0.08
2.0,xy_snapshot,45,0.08
2.0,xy_snapshot,46,0.11
2.0,xy_snapshot,47,0.1
2.0,xy_snapshot,48,0.06
2.0,xy_snapshot,49,0.04
2.0,xy_snapshot,50,0.06
2.0,xy_snapshot,51,0.03
2.0,xy_snapshot,52,0.06
2.0,xy_snapshot,53,0.05
2.0,xy_snapshot,54,0.07
2.0,xy_snapshot,55,0.04
2.0,xy_snapshot,56,0.04
2.0,xy_snapshot,57,0.08
2.0,xy_snapshot,58,0.04
2.0,xy_snapshot,59,0.04
2.0,xy_snapshot,60,0.17
2.0,xy_snapshot,61,0.25
2.0,xy_snapshot,62,0.03
2.0,xy_snapshot,63,0.09
2.0,xy_snapshot,64,0.09
2.0,xy_snapshot,65,0.04
2.0,xy_snapshot,66,0.05
2.0,xy_snapshot,67,0.06
2.0,xy_snapshot,68,0.06
2.0,xy_snapshot,69,0.09
2.0,xy_snapshot,70,0.12
2.0,xy_snapshot,71,0.08
2.0,xy_snapshot,72,0.1
2.0,xy_snapshot,73,0.09
2.0,xy_snapshot,74,0.09
2.0,xy_snapshot,75,0.12
2.0,xy_snapshot,76,0.04
2.0,xy_snapshot,77,0.09
2.0,xy_snapshot,78,0.07
2.0,xy_snapshot,79,0.04
2.0,xy_snapshot,80,0.12
2.0,xy_snapshot,81,0.08
2.0,xy_snapshot,82,0.07
2.0,xy_snapshot,83,0.08
2.0,xy_snapshot,84,0.04
2.0,xy_snapshot,85,0.07
2.0,xy_snapshot,86,0.03
2.0,xy_snapshot,87,0.19
2.0,xy_snapshot,88,0.07
2.0,xy_snapshot,89,0.04
2.0,xy_snapshot,90,0.06
2.0,xy_snapshot,91,0.06
2.0,xy_snapshot,92,0.02
2.0,xy_snapshot,93,0.06
2.0,xy_snapshot,94,0.16
2.0,xy_snapshot,95,0.05
2.0,xy_snapshot,96,0.04
2.0,xy_snapshot,97,0.07
2.0,xy_snapshot,98,0.23
2.0,xy_snapshot,99,0.05
2.0,xy_pf,0,0.1
2.0,xy_pf,1,0.0
2.0,xy_pf,2,0.02
2.0,xy_pf,3,0.01
2.0,xy_pf,4,0.0
2.0,xy_pf,5,0.01
2.0,xy_pf,6,0.0
2.0,xy_pf,7,0.04
2.0,xy_pf,8,0.0
2.0,xy_pf,9,0.0
2.0,xy_pf,10,0.0
2.0,xy_pf,11,0.07
2.0,xy_pf,12,0.0
2.0,xy_pf,13,0.07
2.0,xy_pf,14,0.0
2.0,xy_pf,15,0.0
2.0,xy_pf,16,0.1
2.0,xy_pf,17,0.0
2.0,xy_pf,18,0.0
2.0,xy_pf,19,0.0
2.0,xy_pf,20,0.01
2.0,xy_pf,21,0.0
2.0,xy_pf,22,0.0
2.0,xy_pf,23,0.0
2.0,xy_pf,24,0.0
2.0,xy_pf,25,0.0
2.0,xy_pf,26,0.04
2.0,xy_pf,27,0.0
2.0,xy_pf,28,0.0
2.0,xy_pf,29,0.01
2.0,xy_pf,30,0.0
2.0,xy_pf,31,0.04
2.0,xy_pf,32,0.08
2.0,xy_pf,33,0.0
2.0,xy_pf,34,0.01
2.0,xy_pf,35,0.15
2.0,xy_pf,36,0.0
2.0,xy_pf,37,0.0
2.0,xy_pf,38,0.09
2.0,xy_pf,39,0.0
2.0,xy_pf,40,0.0
2.0,xy_pf,41,0.0
2.0,xy_pf,42,0.11
2.0,xy_pf,43,0.05
2.0,xy_pf,44,0.02
2.0,xy_pf,45,0.08
2.0,xy_pf,46,0.0
2.0,xy_pf,47,0.0
2.0,xy_pf,48,0.0
2.0,xy_pf,49,0.04
2.0,xy_pf,50,0.0
2.0,xy_pf,51,0.0
2.0,xy_pf,52,0.0
2.0,xy_pf,53,0.0
2.0,xy_pf,54,0.0
2.0,xy_pf,55,0.0
2.0,xy_pf,56,0.01
2.0,xy_pf,57,0.0
2.0,xy_pf,58,0.04
2.0,xy_pf,59,0.04
2.0,xy_pf,60,0.0
2.0,xy_pf,61,0.01
2.0,xy_pf,62,0.0
2.0,xy_pf,63,0.0
2.0,xy_pf,64,0.01
2.0,xy_pf,65,0.0
2.0,xy_pf,66,0.0
2.0,xy_pf,67,0.0
2.0,xy_pf,68,0.03
2.0,xy_pf,69,0.01
2.0,xy_pf,70,0.03
2.0,xy_pf,71,0.0
2.0,xy_pf,72,0.0
2.0,xy_pf,73,0.0
2.0,xy_pf,74,0.07
2.0,xy_pf,75,0.04
2.0,xy_pf,76,0.0
2.0,xy_pf,77,0.0
2.0,xy_pf,78,0.0
2.0,xy_pf,79,0.0
2.0,xy_pf,80,0.13
2.0,xy_pf,81,0.0
2.0,xy_pf,82,0.0
2.0,xy_pf,83,0.0
2.0,xy_pf,84,0.01
2.0,xy_pf,85,0.0
2.0,xy_pf,86,0.03
2.0,xy_pf,87,0.02
2.0,xy_pf,88,0.12
2.0,xy_pf,89,0.06
2.0,xy_pf,90,0.0
2.0,xy_pf,91,0.0
2.0,xy_pf,92,0.01
2.0,xy_pf,93,0.1
2.0,xy_pf,94,0.0
2.0,xy_pf,95,0.0
2.0,xy_pf,96,0.03
2.0,xy_pf,97,0.0
2.0,xy_pf,98,0.1
2.0,xy_pf,99,0.01
